date,chlor_a,status,source_file
2018-01-01,,filled,ST.nc
2018-01-02,,filled,ST.nc
2018-01-03,1.815774441,filled,ST.nc
2018-01-04,2.626480579,filled,ST.nc
2018-01-05,,filled,ST.nc
2018-01-06,2.292107344,filled,ST.nc
2018-01-07,1.826892853,filled,ST.nc
2018-01-08,,filled,ST.nc
2018-01-09,,filled,ST.nc
2018-01-10,1.813467622,filled,ST.nc
2018-01-11,1.764036179,filled,ST.nc
2018-01-12,,filled,ST.nc
2018-01-13,,filled,ST.nc
2018-01-14,2.256651163,filled,ST.nc
2018-01-15,,filled,ST.nc
2018-01-16,,filled,ST.nc
2018-01-17,,filled,ST.nc
2018-01-18,,filled,ST.nc
2018-01-19,2.095252037,filled,ST.nc
2018-01-20,,filled,ST.nc
2018-01-21,,filled,ST.nc
2018-01-22,1.355842113,filled,ST.nc
2018-01-23,1.515347123,filled,ST.nc
2018-01-24,,filled,ST.nc
2018-01-25,,filled,ST.nc
2018-01-26,1.599597931,filled,ST.nc
2018-01-27,2.172765732,filled,ST.nc
2018-01-28,,filled,ST.nc
2018-01-29,2.706067801,filled,ST.nc
2018-01-30,2.771917343,filled,ST.nc
2018-01-31,4.130213737,filled,ST.nc
2018-02-01,,filled,ST.nc
2018-02-02,,filled,ST.nc
2018-02-03,2.202895403,filled,ST.nc
2018-02-04,,filled,ST.nc
2018-02-05,,filled,ST.nc
2018-02-06,,filled,ST.nc
2018-02-07,,filled,ST.nc
2018-02-08,,filled,ST.nc
2018-02-09,,filled,ST.nc
2018-02-10,2.480201006,filled,ST.nc
2018-02-11,2.616878748,filled,ST.nc
2018-02-12,,filled,ST.nc
2018-02-13,,filled,ST.nc
2018-02-14,2.333106756,filled,ST.nc
2018-02-15,2.227248192,filled,ST.nc
2018-02-16,,filled,ST.nc
2018-02-17,,filled,ST.nc
2018-02-18,3.453110695,filled,ST.nc
2018-02-19,1.971202374,filled,ST.nc
2018-02-20,,filled,ST.nc
2018-02-21,,filled,ST.nc
2018-02-22,1.377452612,filled,ST.nc
2018-02-23,0.798197091,filled,ST.nc
2018-02-24,,filled,ST.nc
2018-02-25,1.521921158,filled,ST.nc
2018-02-26,,filled,ST.nc
2018-02-27,,filled,ST.nc
2018-02-28,,filled,ST.nc
2018-03-01,3.477406025,filled,ST.nc
2018-03-02,2.073865891,filled,ST.nc
2018-03-03,,filled,ST.nc
2018-03-04,,filled,ST.nc
2018-03-05,3.310304165,filled,ST.nc
2018-03-06,2.567991734,filled,ST.nc
2018-03-07,,filled,ST.nc
2018-03-08,,filled,ST.nc
2018-03-09,2.679902077,filled,ST.nc
2018-03-10,2.082366228,filled,ST.nc
2018-03-11,,filled,ST.nc
2018-03-12,,filled,ST.nc
2018-03-13,2.22548008,filled,ST.nc
2018-03-14,,filled,ST.nc
2018-03-15,,filled,ST.nc
2018-03-16,,filled,ST.nc
2018-03-17,,filled,ST.nc
2018-03-18,2.450774908,filled,ST.nc
2018-03-19,,filled,ST.nc
2018-03-20,,filled,ST.nc
2018-03-21,3.135968685,filled,ST.nc
2018-03-22,,filled,ST.nc
2018-03-23,,filled,ST.nc
2018-03-24,,filled,ST.nc
2018-03-25,,filled,ST.nc
2018-03-26,,filled,ST.nc
2018-03-27,,filled,ST.nc
2018-03-28,1.74125874,filled,ST.nc
2018-03-29,1.706634998,filled,ST.nc
2018-03-30,,filled,ST.nc
2018-03-31,,filled,ST.nc
2018-04-01,1.775720239,filled,ST.nc
2018-04-02,1.739961743,filled,ST.nc
2018-04-03,,filled,ST.nc
2018-04-04,,filled,ST.nc
2018-04-05,2.450109482,filled,ST.nc
2018-04-06,2.505776405,filled,ST.nc
2018-04-07,,filled,ST.nc
2018-04-08,,filled,ST.nc
2018-04-09,2.205510855,filled,ST.nc
2018-04-10,,filled,ST.nc
2018-04-11,,filled,ST.nc
2018-04-12,,filled,ST.nc
2018-04-13,,filled,ST.nc
2018-04-14,3.284485817,filled,ST.nc
2018-04-15,,filled,ST.nc
2018-04-16,,filled,ST.nc
2018-04-17,,filled,ST.nc
2018-04-18,,filled,ST.nc
2018-04-19,,filled,ST.nc
2018-04-20,4.737769604,filled,ST.nc
2018-04-21,5.986728191,filled,ST.nc
2018-04-22,,filled,ST.nc
2018-04-23,,filled,ST.nc
2018-04-24,3.920155525,filled,ST.nc
2018-04-25,5.18152523,filled,ST.nc
2018-04-26,,filled,ST.nc
2018-04-27,,filled,ST.nc
2018-04-28,4.406099796,filled,ST.nc
2018-04-29,2.712599277,filled,ST.nc
2018-04-30,,filled,ST.nc
2018-05-01,,filled,ST.nc
2018-05-02,,filled,ST.nc
2018-05-03,2.744795561,filled,ST.nc
2018-05-04,,filled,ST.nc
2018-05-05,,filled,ST.nc
2018-05-06,,filled,ST.nc
2018-05-07,,filled,ST.nc
2018-05-08,,filled,ST.nc
2018-05-09,,filled,ST.nc
2018-05-10,4.366946697,filled,ST.nc
2018-05-11,3.242641211,filled,ST.nc
2018-05-12,,filled,ST.nc
2018-05-13,,filled,ST.nc
2018-05-14,,filled,ST.nc
2018-05-15,3.317066193,filled,ST.nc
2018-05-16,,filled,ST.nc
2018-05-17,2.771612167,filled,ST.nc
2018-05-18,2.312855721,filled,ST.nc
2018-05-19,3.465204716,filled,ST.nc
2018-05-20,,filled,ST.nc
2018-05-21,2.506844759,filled,ST.nc
2018-05-22,3.300966263,filled,ST.nc
2018-05-23,,filled,ST.nc
2018-05-24,,filled,ST.nc
2018-05-25,3.785075665,filled,ST.nc
2018-05-26,,filled,ST.nc
2018-05-27,,filled,ST.nc
2018-05-28,,filled,ST.nc
2018-05-29,2.710111618,filled,ST.nc
2018-05-30,3.131597757,filled,ST.nc
2018-05-31,,filled,ST.nc
2018-06-01,,filled,ST.nc
2018-06-02,3.794425726,filled,ST.nc
2018-06-03,,filled,ST.nc
2018-06-04,,filled,ST.nc
2018-06-05,,filled,ST.nc
2018-06-06,2.257431507,filled,ST.nc
2018-06-07,,filled,ST.nc
2018-06-08,,filled,ST.nc
2018-06-09,,filled,ST.nc
2018-06-10,2.212833405,filled,ST.nc
2018-06-11,,filled,ST.nc
2018-06-12,,filled,ST.nc
2018-06-13,,filled,ST.nc
2018-06-14,3.835406065,filled,ST.nc
2018-06-15,4.2137537,filled,ST.nc
2018-06-16,,filled,ST.nc
2018-06-17,3.354271173,filled,ST.nc
2018-06-18,,filled,ST.nc
2018-06-19,,filled,ST.nc
2018-06-20,,filled,ST.nc
2018-06-21,1.783966303,filled,ST.nc
2018-06-22,1.886411428,filled,ST.nc
2018-06-23,,filled,ST.nc
2018-06-24,,filled,ST.nc
2018-06-25,2.786006451,filled,ST.nc
2018-06-26,,filled,ST.nc
2018-06-27,,filled,ST.nc
2018-06-28,,filled,ST.nc
2018-06-29,1.609442115,filled,ST.nc
2018-06-30,,filled,ST.nc
2018-07-01,,filled,ST.nc
2018-07-02,,filled,ST.nc
2018-07-03,,filled,ST.nc
2018-07-04,,filled,ST.nc
2018-07-05,,filled,ST.nc
2018-07-06,,filled,ST.nc
2018-07-07,,filled,ST.nc
2018-07-08,1.356253624,filled,ST.nc
2018-07-09,,filled,ST.nc
2018-07-10,3.229168653,filled,ST.nc
2018-07-11,3.81383729,filled,ST.nc
2018-07-12,9.918087006,filled,ST.nc
2018-07-13,,filled,ST.nc
2018-07-14,,filled,ST.nc
2018-07-15,,filled,ST.nc
2018-07-16,,filled,ST.nc
2018-07-17,,filled,ST.nc
2018-07-18,,filled,ST.nc
2018-07-19,,filled,ST.nc
2018-07-20,,filled,ST.nc
2018-07-21,,filled,ST.nc
2018-07-22,2.38115859,filled,ST.nc
2018-07-23,,filled,ST.nc
2018-07-24,,filled,ST.nc
2018-07-25,,filled,ST.nc
2018-07-26,2.612627983,filled,ST.nc
2018-07-27,,filled,ST.nc
2018-07-28,,filled,ST.nc
2018-07-29,,filled,ST.nc
2018-07-30,3.197247505,filled,ST.nc
2018-07-31,3.399739504,filled,ST.nc
2018-08-01,,filled,ST.nc
2018-08-02,,filled,ST.nc
2018-08-03,,filled,ST.nc
2018-08-04,,filled,ST.nc
2018-08-05,,filled,ST.nc
2018-08-06,,filled,ST.nc
2018-08-07,1.10740459,filled,ST.nc
2018-08-08,,filled,ST.nc
2018-08-09,,filled,ST.nc
2018-08-10,1.954116821,filled,ST.nc
2018-08-11,2.941739321,filled,ST.nc
2018-08-12,,filled,ST.nc
2018-08-13,,filled,ST.nc
2018-08-14,7.185929775,filled,ST.nc
2018-08-15,9.46152401,filled,ST.nc
2018-08-16,,filled,ST.nc
2018-08-17,,filled,ST.nc
2018-08-18,1.971706986,filled,ST.nc
2018-08-19,5.474495411,filled,ST.nc
2018-08-20,,filled,ST.nc
2018-08-21,,filled,ST.nc
2018-08-22,3.691362143,filled,ST.nc
2018-08-23,2.444766998,filled,ST.nc
2018-08-24,,filled,ST.nc
2018-08-25,,filled,ST.nc
2018-08-26,1.454157829,filled,ST.nc
2018-08-27,4.375804424,filled,ST.nc
2018-08-28,,filled,ST.nc
2018-08-29,,filled,ST.nc
2018-08-30,2.323657036,filled,ST.nc
2018-08-31,,filled,ST.nc
2018-09-01,,filled,ST.nc
2018-09-02,2.186594009,filled,ST.nc
2018-09-03,1.731337547,filled,ST.nc
2018-09-04,,filled,ST.nc
2018-09-05,,filled,ST.nc
2018-09-06,1.211900592,filled,ST.nc
2018-09-07,,filled,ST.nc
2018-09-08,,filled,ST.nc
2018-09-09,,filled,ST.nc
2018-09-10,3.589249849,filled,ST.nc
2018-09-11,,filled,ST.nc
2018-09-12,,filled,ST.nc
2018-09-13,,filled,ST.nc
2018-09-14,,filled,ST.nc
2018-09-15,1.079499006,filled,ST.nc
2018-09-16,,filled,ST.nc
2018-09-17,,filled,ST.nc
2018-09-18,3.038148165,filled,ST.nc
2018-09-19,1.824380279,filled,ST.nc
2018-09-20,,filled,ST.nc
2018-09-21,,filled,ST.nc
2018-09-22,3.532319069,filled,ST.nc
2018-09-23,4.39449501,filled,ST.nc
2018-09-24,,filled,ST.nc
2018-09-25,,filled,ST.nc
2018-09-26,2.0267694,filled,ST.nc
2018-09-27,3.179238558,filled,ST.nc
2018-09-28,,filled,ST.nc
2018-09-29,,filled,ST.nc
2018-09-30,4.354083061,filled,ST.nc
2018-10-01,,filled,ST.nc
2018-10-02,,filled,ST.nc
2018-10-03,,filled,ST.nc
2018-10-04,2.015192032,filled,ST.nc
2018-10-05,,filled,ST.nc
2018-10-06,,filled,ST.nc
2018-10-07,2.060384035,filled,ST.nc
2018-10-08,2.47297287,filled,ST.nc
2018-10-09,,filled,ST.nc
2018-10-10,,filled,ST.nc
2018-10-11,,filled,ST.nc
2018-10-12,,filled,ST.nc
2018-10-13,,filled,ST.nc
2018-10-14,,filled,ST.nc
2018-10-15,1.984541178,filled,ST.nc
2018-10-16,1.888804793,filled,ST.nc
2018-10-17,,filled,ST.nc
2018-10-18,,filled,ST.nc
2018-10-19,1.935705185,filled,ST.nc
2018-10-20,,filled,ST.nc
2018-10-21,,filled,ST.nc
2018-10-22,,filled,ST.nc
2018-10-23,,filled,ST.nc
2018-10-24,,filled,ST.nc
2018-10-25,,filled,ST.nc
2018-10-26,2.010638475,filled,ST.nc
2018-10-27,2.166126966,filled,ST.nc
2018-10-28,2.796139956,filled,ST.nc
2018-10-29,,filled,ST.nc
2018-10-30,,filled,ST.nc
2018-10-31,,filled,ST.nc
2018-11-01,,filled,ST.nc
2018-11-02,,filled,ST.nc
2018-11-03,,filled,ST.nc
2018-11-04,2.813071966,filled,ST.nc
2018-11-05,,filled,ST.nc
2018-11-06,1.46864593,filled,ST.nc
2018-11-07,2.291420698,filled,ST.nc
2018-11-08,1.802506089,filled,ST.nc
2018-11-09,,filled,ST.nc
2018-11-10,,filled,ST.nc
2018-11-11,1.262615561,filled,ST.nc
2018-11-12,,filled,ST.nc
2018-11-13,,filled,ST.nc
2018-11-14,1.699922085,filled,ST.nc
2018-11-15,1.871717691,filled,ST.nc
2018-11-16,1.634912252,filled,ST.nc
2018-11-17,,filled,ST.nc
2018-11-18,1.520922303,filled,ST.nc
2018-11-19,,filled,ST.nc
2018-11-20,1.554101348,filled,ST.nc
2018-11-21,1.449690819,filled,ST.nc
2018-11-22,,filled,ST.nc
2018-11-23,1.558543921,filled,ST.nc
2018-11-24,1.295163512,filled,ST.nc
2018-11-25,,filled,ST.nc
2018-11-26,1.584659696,filled,ST.nc
2018-11-27,1.744856119,filled,ST.nc
2018-11-28,,filled,ST.nc
2018-11-29,1.645638585,filled,ST.nc
2018-11-30,2.158419847,filled,ST.nc
2018-12-01,,filled,ST.nc
2018-12-02,2.109061241,filled,ST.nc
2018-12-03,,filled,ST.nc
2018-12-04,,filled,ST.nc
2018-12-05,,filled,ST.nc
2018-12-06,1.969426155,filled,ST.nc
2018-12-07,1.635346651,filled,ST.nc
2018-12-08,1.628229976,filled,ST.nc
2018-12-09,1.709266663,filled,ST.nc
2018-12-10,1.920744061,filled,ST.nc
2018-12-11,,filled,ST.nc
2018-12-12,,filled,ST.nc
2018-12-13,1.422049284,filled,ST.nc
2018-12-14,2.247668028,filled,ST.nc
2018-12-15,,filled,ST.nc
2018-12-16,1.624095321,filled,ST.nc
2018-12-17,1.666864157,filled,ST.nc
2018-12-18,1.73450768,filled,ST.nc
2018-12-19,2.183094978,filled,ST.nc
2018-12-20,1.763873696,filled,ST.nc
2018-12-21,1.731071472,filled,ST.nc
2018-12-22,1.970077515,filled,ST.nc
2018-12-23,0.721324921,filled,ST.nc
2018-12-24,1.899961472,filled,ST.nc
2018-12-25,,filled,ST.nc
2018-12-26,,filled,ST.nc
2018-12-27,1.980529308,filled,ST.nc
2018-12-28,1.260282993,filled,ST.nc
2018-12-29,,filled,ST.nc
2018-12-30,1.41734767,filled,ST.nc
2018-12-31,2.293776751,filled,ST.nc
2019-01-01,1.422270894,filled,ST.nc
2019-01-02,,filled,ST.nc
2019-01-03,,filled,ST.nc
2019-01-04,1.94271934,filled,ST.nc
2019-01-05,1.949225783,filled,ST.nc
2019-01-06,2.724569559,filled,ST.nc
2019-01-07,1.882594585,filled,ST.nc
2019-01-08,1.934192181,filled,ST.nc
2019-01-09,1.574201584,filled,ST.nc
2019-01-10,2.197577953,filled,ST.nc
2019-01-11,1.670611978,filled,ST.nc
2019-01-12,1.593298912,filled,ST.nc
2019-01-13,1.542764664,filled,ST.nc
2019-01-14,2.047366142,filled,ST.nc
2019-01-15,1.812456965,filled,ST.nc
2019-01-16,2.493716002,filled,ST.nc
2019-01-17,3.858026266,filled,ST.nc
2019-01-18,2.281132698,filled,ST.nc
2019-01-19,3.027870417,filled,ST.nc
2019-01-20,2.577803373,filled,ST.nc
2019-01-21,,filled,ST.nc
2019-01-22,,filled,ST.nc
2019-01-23,2.243139267,filled,ST.nc
2019-01-24,,filled,ST.nc
2019-01-25,1.78453362,filled,ST.nc
2019-01-26,2.151437044,filled,ST.nc
2019-01-27,2.657082558,filled,ST.nc
2019-01-28,2.164753914,filled,ST.nc
2019-01-29,3.163361549,filled,ST.nc
2019-01-30,1.888445377,filled,ST.nc
2019-01-31,2.132007837,filled,ST.nc
2019-02-01,2.846901894,filled,ST.nc
2019-02-02,,filled,ST.nc
2019-02-03,1.913361669,filled,ST.nc
2019-02-04,2.391591787,filled,ST.nc
2019-02-05,1.922096014,filled,ST.nc
2019-02-06,3.202671528,filled,ST.nc
2019-02-07,3.456954718,filled,ST.nc
2019-02-08,2.283857107,filled,ST.nc
2019-02-09,2.421323538,filled,ST.nc
2019-02-10,2.691292524,filled,ST.nc
2019-02-11,2.052549839,filled,ST.nc
2019-02-12,1.596688628,filled,ST.nc
2019-02-13,,filled,ST.nc
2019-02-14,2.197109461,filled,ST.nc
2019-02-15,,filled,ST.nc
2019-02-16,3.400952816,filled,ST.nc
2019-02-17,,filled,ST.nc
2019-02-18,1.980123043,filled,ST.nc
2019-02-19,2.174121618,filled,ST.nc
2019-02-20,1.771609545,filled,ST.nc
2019-02-21,,filled,ST.nc
2019-02-22,,filled,ST.nc
2019-02-23,1.609089732,filled,ST.nc
2019-02-24,2.012473345,filled,ST.nc
2019-02-25,2.860266209,filled,ST.nc
2019-02-26,,filled,ST.nc
2019-02-27,3.563648224,filled,ST.nc
2019-02-28,,filled,ST.nc
2019-03-01,,filled,ST.nc
2019-03-02,2.418416023,filled,ST.nc
2019-03-03,2.979748964,filled,ST.nc
2019-03-04,,filled,ST.nc
2019-03-05,,filled,ST.nc
2019-03-06,,filled,ST.nc
2019-03-07,,filled,ST.nc
2019-03-08,,filled,ST.nc
2019-03-09,,filled,ST.nc
2019-03-10,6.666597366,filled,ST.nc
2019-03-11,2.03472662,filled,ST.nc
2019-03-12,2.92879653,filled,ST.nc
2019-03-13,2.373364449,filled,ST.nc
2019-03-14,1.842432618,filled,ST.nc
2019-03-15,1.840059757,filled,ST.nc
2019-03-16,,filled,ST.nc
2019-03-17,1.749325275,filled,ST.nc
2019-03-18,2.470816374,filled,ST.nc
2019-03-19,,filled,ST.nc
2019-03-20,,filled,ST.nc
2019-03-21,,filled,ST.nc
2019-03-22,3.438399315,filled,ST.nc
2019-03-23,2.53142333,filled,ST.nc
2019-03-24,2.066548824,filled,ST.nc
2019-03-25,2.191108942,filled,ST.nc
2019-03-26,2.58005619,filled,ST.nc
2019-03-27,,filled,ST.nc
2019-03-28,1.831726909,filled,ST.nc
2019-03-29,1.604731441,filled,ST.nc
2019-03-30,2.064440966,filled,ST.nc
2019-03-31,,filled,ST.nc
2019-04-01,,filled,ST.nc
2019-04-02,,filled,ST.nc
2019-04-03,,filled,ST.nc
2019-04-04,,filled,ST.nc
2019-04-05,1.834079981,filled,ST.nc
2019-04-06,1.728066802,filled,ST.nc
2019-04-07,2.267553091,filled,ST.nc
2019-04-08,3.897135496,filled,ST.nc
2019-04-09,2.1262362,filled,ST.nc
2019-04-10,4.621471405,filled,ST.nc
2019-04-11,1.653860688,filled,ST.nc
2019-04-12,,filled,ST.nc
2019-04-13,2.284795284,filled,ST.nc
2019-04-14,1.723346353,filled,ST.nc
2019-04-15,,filled,ST.nc
2019-04-16,3.101708174,filled,ST.nc
2019-04-17,4.438363075,filled,ST.nc
2019-04-18,3.937402487,filled,ST.nc
2019-04-19,2.780961275,filled,ST.nc
2019-04-20,,filled,ST.nc
2019-04-21,2.852784395,filled,ST.nc
2019-04-22,1.867075801,filled,ST.nc
2019-04-23,2.519396782,filled,ST.nc
2019-04-24,2.615025282,filled,ST.nc
2019-04-25,,filled,ST.nc
2019-04-26,2.727758408,filled,ST.nc
2019-04-27,3.892631292,filled,ST.nc
2019-04-28,7.390803337,filled,ST.nc
2019-04-29,,filled,ST.nc
2019-04-30,,filled,ST.nc
2019-05-01,1.879828095,filled,ST.nc
2019-05-02,1.905931473,filled,ST.nc
2019-05-03,1.765708208,filled,ST.nc
2019-05-04,,filled,ST.nc
2019-05-05,4.491801739,filled,ST.nc
2019-05-06,4.231920719,filled,ST.nc
2019-05-07,2.79586792,filled,ST.nc
2019-05-08,,filled,ST.nc
2019-05-09,,filled,ST.nc
2019-05-10,1.867752552,filled,ST.nc
2019-05-11,2.80443573,filled,ST.nc
2019-05-12,3.24189353,filled,ST.nc
2019-05-13,3.194827557,filled,ST.nc
2019-05-14,3.15747571,filled,ST.nc
2019-05-15,,filled,ST.nc
2019-05-16,,filled,ST.nc
2019-05-17,2.317759275,filled,ST.nc
2019-05-18,2.424687624,filled,ST.nc
2019-05-19,2.569061041,filled,ST.nc
2019-05-20,,filled,ST.nc
2019-05-21,,filled,ST.nc
2019-05-22,2.903876066,filled,ST.nc
2019-05-23,,filled,ST.nc
2019-05-24,,filled,ST.nc
2019-05-25,2.376507759,filled,ST.nc
2019-05-26,1.436018944,filled,ST.nc
2019-05-27,1.288529873,filled,ST.nc
2019-05-28,,filled,ST.nc
2019-05-29,1.439428926,filled,ST.nc
2019-05-30,4.709635735,filled,ST.nc
2019-05-31,7.682318687,filled,ST.nc
2019-06-01,,filled,ST.nc
2019-06-02,1.498206258,filled,ST.nc
2019-06-03,1.846413255,filled,ST.nc
2019-06-04,1.829507351,filled,ST.nc
2019-06-05,,filled,ST.nc
2019-06-06,,filled,ST.nc
2019-06-07,1.627509832,filled,ST.nc
2019-06-08,,filled,ST.nc
2019-06-09,,filled,ST.nc
2019-06-10,,filled,ST.nc
2019-06-11,2.097780228,filled,ST.nc
2019-06-12,,filled,ST.nc
2019-06-13,,filled,ST.nc
2019-06-14,1.370403767,filled,ST.nc
2019-06-15,,filled,ST.nc
2019-06-16,,filled,ST.nc
2019-06-17,,filled,ST.nc
2019-06-18,7.160752773,filled,ST.nc
2019-06-19,4.175807953,filled,ST.nc
2019-06-20,,filled,ST.nc
2019-06-21,4.232804775,filled,ST.nc
2019-06-22,,filled,ST.nc
2019-06-23,0.476257503,filled,ST.nc
2019-06-24,,filled,ST.nc
2019-06-25,,filled,ST.nc
2019-06-26,1.399111271,filled,ST.nc
2019-06-27,,filled,ST.nc
2019-06-28,,filled,ST.nc
2019-06-29,,filled,ST.nc
2019-06-30,,filled,ST.nc
2019-07-01,1.866273642,filled,ST.nc
2019-07-02,,filled,ST.nc
2019-07-03,2.549663782,filled,ST.nc
2019-07-04,,filled,ST.nc
2019-07-05,,filled,ST.nc
2019-07-06,,filled,ST.nc
2019-07-07,3.019231319,filled,ST.nc
2019-07-08,2.414782763,filled,ST.nc
2019-07-09,2.840288639,filled,ST.nc
2019-07-10,,filled,ST.nc
2019-07-11,,filled,ST.nc
2019-07-12,2.39887023,filled,ST.nc
2019-07-13,,filled,ST.nc
2019-07-14,1.414875388,filled,ST.nc
2019-07-15,,filled,ST.nc
2019-07-16,6.487422943,filled,ST.nc
2019-07-17,,filled,ST.nc
2019-07-18,,filled,ST.nc
2019-07-19,5.89846468,filled,ST.nc
2019-07-20,,filled,ST.nc
2019-07-21,,filled,ST.nc
2019-07-22,,filled,ST.nc
2019-07-23,1.896268487,filled,ST.nc
2019-07-24,3.627408028,filled,ST.nc
2019-07-25,,filled,ST.nc
2019-07-26,,filled,ST.nc
2019-07-27,8.166387558,filled,ST.nc
2019-07-28,3.290244102,filled,ST.nc
2019-07-29,,filled,ST.nc
2019-07-30,2.165762663,filled,ST.nc
2019-07-31,1.249024987,filled,ST.nc
2019-08-01,,filled,ST.nc
2019-08-02,,filled,ST.nc
2019-08-03,5.885383129,filled,ST.nc
2019-08-04,,filled,ST.nc
2019-08-05,,filled,ST.nc
2019-08-06,,filled,ST.nc
2019-08-07,9.159070969,filled,ST.nc
2019-08-08,,filled,ST.nc
2019-08-09,4.277139664,filled,ST.nc
2019-08-10,1.730371118,filled,ST.nc
2019-08-11,1.565110683,filled,ST.nc
2019-08-12,16.62304688,filled,ST.nc
2019-08-13,,filled,ST.nc
2019-08-14,2.712388992,filled,ST.nc
2019-08-15,3.396995783,filled,ST.nc
2019-08-16,,filled,ST.nc
2019-08-17,5.727627754,filled,ST.nc
2019-08-18,1.780220389,filled,ST.nc
2019-08-19,1.90531683,filled,ST.nc
2019-08-20,1.337279797,filled,ST.nc
2019-08-21,3.248597145,filled,ST.nc
2019-08-22,3.71547699,filled,ST.nc
2019-08-23,,filled,ST.nc
2019-08-24,1.243505359,filled,ST.nc
2019-08-25,,filled,ST.nc
2019-08-26,0.961434841,filled,ST.nc
2019-08-27,1.044998288,filled,ST.nc
2019-08-28,1.109611392,filled,ST.nc
2019-08-29,,filled,ST.nc
2019-08-30,,filled,ST.nc
2019-08-31,2.765720367,filled,ST.nc
2019-09-01,,filled,ST.nc
2019-09-02,2.435236931,filled,ST.nc
2019-09-03,6.055299282,filled,ST.nc
2019-09-04,,filled,ST.nc
2019-09-05,1.274293661,filled,ST.nc
2019-09-06,1.041425347,filled,ST.nc
2019-09-07,1.216543436,filled,ST.nc
2019-09-08,1.168448567,filled,ST.nc
2019-09-09,1.487403512,filled,ST.nc
2019-09-10,1.427634478,filled,ST.nc
2019-09-11,1.826142788,filled,ST.nc
2019-09-12,1.277422071,filled,ST.nc
2019-09-13,1.365145326,filled,ST.nc
2019-09-14,,filled,ST.nc
2019-09-15,1.540623784,filled,ST.nc
2019-09-16,1.543814301,filled,ST.nc
2019-09-17,1.097726226,filled,ST.nc
2019-09-18,,filled,ST.nc
2019-09-19,1.677379251,filled,ST.nc
2019-09-20,1.328920722,filled,ST.nc
2019-09-21,,filled,ST.nc
2019-09-22,1.250804067,filled,ST.nc
2019-09-23,2.273053885,filled,ST.nc
2019-09-24,1.49750948,filled,ST.nc
2019-09-25,2.016564608,filled,ST.nc
2019-09-26,,filled,ST.nc
2019-09-27,1.85384798,filled,ST.nc
2019-09-28,1.873843908,filled,ST.nc
2019-09-29,1.38594234,filled,ST.nc
2019-09-30,1.386135578,filled,ST.nc
2019-10-01,,filled,ST.nc
2019-10-02,,filled,ST.nc
2019-10-03,,filled,ST.nc
2019-10-04,,filled,ST.nc
2019-10-05,3.811416149,filled,ST.nc
2019-10-06,,filled,ST.nc
2019-10-07,1.967085123,filled,ST.nc
2019-10-08,,filled,ST.nc
2019-10-09,1.608109117,filled,ST.nc
2019-10-10,1.760249496,filled,ST.nc
2019-10-11,,filled,ST.nc
2019-10-12,4.981681824,filled,ST.nc
2019-10-13,1.674939871,filled,ST.nc
2019-10-14,,filled,ST.nc
2019-10-15,1.741521955,filled,ST.nc
2019-10-16,1.7779603,filled,ST.nc
2019-10-17,,filled,ST.nc
2019-10-18,,filled,ST.nc
2019-10-19,1.884738326,filled,ST.nc
2019-10-20,2.333466053,filled,ST.nc
2019-10-21,,filled,ST.nc
2019-10-22,,filled,ST.nc
2019-10-23,1.737148046,filled,ST.nc
2019-10-24,1.866187453,filled,ST.nc
2019-10-25,,filled,ST.nc
2019-10-26,,filled,ST.nc
2019-10-27,2.342213392,filled,ST.nc
2019-10-28,,filled,ST.nc
2019-10-29,,filled,ST.nc
2019-10-30,,filled,ST.nc
2019-10-31,3.907414436,filled,ST.nc
2019-11-01,,filled,ST.nc
2019-11-02,2.64249897,filled,ST.nc
2019-11-03,,filled,ST.nc
2019-11-04,1.876660228,filled,ST.nc
2019-11-05,1.476839066,filled,ST.nc
2019-11-06,1.808442235,filled,ST.nc
2019-11-07,1.985538483,filled,ST.nc
2019-11-08,2.54532218,filled,ST.nc
2019-11-09,2.595087767,filled,ST.nc
2019-11-10,,filled,ST.nc
2019-11-11,2.82162571,filled,ST.nc
2019-11-12,2.783186674,filled,ST.nc
2019-11-13,2.051073074,filled,ST.nc
2019-11-14,,filled,ST.nc
2019-11-15,1.809418201,filled,ST.nc
2019-11-16,2.003757954,filled,ST.nc
2019-11-17,3.922997236,filled,ST.nc
2019-11-18,2.133447886,filled,ST.nc
2019-11-19,,filled,ST.nc
2019-11-20,1.247129798,filled,ST.nc
2019-11-21,1.129098415,filled,ST.nc
2019-11-22,1.218001366,filled,ST.nc
2019-11-23,1.425676465,filled,ST.nc
2019-11-24,1.508613467,filled,ST.nc
2019-11-25,1.54131496,filled,ST.nc
2019-11-26,2.966235161,filled,ST.nc
2019-11-27,1.519007325,filled,ST.nc
2019-11-28,1.553956032,filled,ST.nc
2019-11-29,1.661275864,filled,ST.nc
2019-11-30,2.006393909,filled,ST.nc
2019-12-01,2.043489218,filled,ST.nc
2019-12-02,1.78068459,filled,ST.nc
2019-12-03,,filled,ST.nc
2019-12-04,3.343235016,filled,ST.nc
2019-12-05,1.760081887,filled,ST.nc
2019-12-06,,filled,ST.nc
2019-12-07,3.785935879,filled,ST.nc
2019-12-08,2.168832302,filled,ST.nc
2019-12-09,1.812065721,filled,ST.nc
2019-12-10,1.886082292,filled,ST.nc
2019-12-11,,filled,ST.nc
2019-12-12,2.150601625,filled,ST.nc
2019-12-13,1.8921206,filled,ST.nc
2019-12-14,1.771778703,filled,ST.nc
2019-12-15,1.276907921,filled,ST.nc
2019-12-16,2.569597721,filled,ST.nc
2019-12-17,2.2108078,filled,ST.nc
2019-12-18,2.524726391,filled,ST.nc
2019-12-19,,filled,ST.nc
2019-12-20,,filled,ST.nc
2019-12-21,2.284890413,filled,ST.nc
2019-12-22,,filled,ST.nc
2019-12-23,,filled,ST.nc
2019-12-24,1.556561112,filled,ST.nc
2019-12-25,,filled,ST.nc
2019-12-26,,filled,ST.nc
2019-12-27,2.322926283,filled,ST.nc
2019-12-28,3.018764496,filled,ST.nc
2019-12-29,,filled,ST.nc
2019-12-30,3.325979233,filled,ST.nc
2019-12-31,2.618539095,filled,ST.nc
2020-01-01,2.647787094,filled,ST.nc
2020-01-02,,filled,ST.nc
2020-01-03,,filled,ST.nc
2020-01-04,2.761937857,filled,ST.nc
2020-01-05,2.668217421,filled,ST.nc
2020-01-06,2.278959513,filled,ST.nc
2020-01-07,,filled,ST.nc
2020-01-08,1.718055964,filled,ST.nc
2020-01-09,1.939281464,filled,ST.nc
2020-01-10,2.040285349,filled,ST.nc
2020-01-11,1.761847854,filled,ST.nc
2020-01-12,2.209973335,filled,ST.nc
2020-01-13,2.106414318,filled,ST.nc
2020-01-14,2.486063719,filled,ST.nc
2020-01-15,2.196212769,filled,ST.nc
2020-01-16,,filled,ST.nc
2020-01-17,,filled,ST.nc
2020-01-18,2.43635726,filled,ST.nc
2020-01-19,3.529261589,filled,ST.nc
2020-01-20,1.911052465,filled,ST.nc
2020-01-21,,filled,ST.nc
2020-01-22,,filled,ST.nc
2020-01-23,2.043608904,filled,ST.nc
2020-01-24,3.961456299,filled,ST.nc
2020-01-25,2.377850294,filled,ST.nc
2020-01-26,,filled,ST.nc
2020-01-27,,filled,ST.nc
2020-01-28,2.48608613,filled,ST.nc
2020-01-29,2.101403236,filled,ST.nc
2020-01-30,,filled,ST.nc
2020-01-31,2.358409405,filled,ST.nc
2020-02-01,2.277456522,filled,ST.nc
2020-02-02,2.209051371,filled,ST.nc
2020-02-03,,filled,ST.nc
2020-02-04,,filled,ST.nc
2020-02-05,,filled,ST.nc
2020-02-06,2.668844938,filled,ST.nc
2020-02-07,,filled,ST.nc
2020-02-08,,filled,ST.nc
2020-02-09,3.036020994,filled,ST.nc
2020-02-10,3.738081455,filled,ST.nc
2020-02-11,,filled,ST.nc
2020-02-12,,filled,ST.nc
2020-02-13,3.591842175,filled,ST.nc
2020-02-14,3.96808672,filled,ST.nc
2020-02-15,,filled,ST.nc
2020-02-16,2.484235287,filled,ST.nc
2020-02-17,2.943023205,filled,ST.nc
2020-02-18,,filled,ST.nc
2020-02-19,3.233689308,filled,ST.nc
2020-02-20,,filled,ST.nc
2020-02-21,,filled,ST.nc
2020-02-22,,filled,ST.nc
2020-02-23,,filled,ST.nc
2020-02-24,3.446737528,filled,ST.nc
2020-02-25,2.983231068,filled,ST.nc
2020-02-26,,filled,ST.nc
2020-02-27,,filled,ST.nc
2020-02-28,,filled,ST.nc
2020-02-29,,filled,ST.nc
2020-03-01,,filled,ST.nc
2020-03-02,6.327659607,filled,ST.nc
2020-03-03,3.072566986,filled,ST.nc
2020-03-04,4.078201294,filled,ST.nc
2020-03-05,,filled,ST.nc
2020-03-06,,filled,ST.nc
2020-03-07,,filled,ST.nc
2020-03-08,2.751599073,filled,ST.nc
2020-03-09,2.357981443,filled,ST.nc
2020-03-10,4.175227642,filled,ST.nc
2020-03-11,2.191574574,filled,ST.nc
2020-03-12,1.993707895,filled,ST.nc
2020-03-13,1.389844537,filled,ST.nc
2020-03-14,,filled,ST.nc
2020-03-15,,filled,ST.nc
2020-03-16,,filled,ST.nc
2020-03-17,,filled,ST.nc
2020-03-18,2.734782219,filled,ST.nc
2020-03-19,2.664402008,filled,ST.nc
2020-03-20,,filled,ST.nc
2020-03-21,1.790178895,filled,ST.nc
2020-03-22,2.253985643,filled,ST.nc
2020-03-23,1.964955688,filled,ST.nc
2020-03-24,6.846013546,filled,ST.nc
2020-03-25,8.663980484,filled,ST.nc
2020-03-26,10.62339592,filled,ST.nc
2020-03-27,,filled,ST.nc
2020-03-28,,filled,ST.nc
2020-03-29,,filled,ST.nc
2020-03-30,3.692116261,filled,ST.nc
2020-03-31,2.804060936,filled,ST.nc
2020-04-01,2.36706686,filled,ST.nc
2020-04-02,,filled,ST.nc
2020-04-03,1.887965083,filled,ST.nc
2020-04-04,,filled,ST.nc
2020-04-05,,filled,ST.nc
2020-04-06,2.677958727,filled,ST.nc
2020-04-07,3.307329416,filled,ST.nc
2020-04-08,2.243209124,filled,ST.nc
2020-04-09,1.891111374,filled,ST.nc
2020-04-10,1.874383211,filled,ST.nc
2020-04-11,1.577005744,filled,ST.nc
2020-04-12,,filled,ST.nc
2020-04-13,1.22586,filled,ST.nc
2020-04-14,,filled,ST.nc
2020-04-15,2.157999277,filled,ST.nc
2020-04-16,2.258595943,filled,ST.nc
2020-04-17,,filled,ST.nc
2020-04-18,,filled,ST.nc
2020-04-19,5.395522594,filled,ST.nc
2020-04-20,,filled,ST.nc
2020-04-21,2.821314096,filled,ST.nc
2020-04-22,,filled,ST.nc
2020-04-23,,filled,ST.nc
2020-04-24,,filled,ST.nc
2020-04-25,,filled,ST.nc
2020-04-26,2.733136177,filled,ST.nc
2020-04-27,,filled,ST.nc
2020-04-28,2.981398582,filled,ST.nc
2020-04-29,2.708889961,filled,ST.nc
2020-04-30,1.987629771,filled,ST.nc
2020-05-01,1.985233068,filled,ST.nc
2020-05-02,3.295975924,filled,ST.nc
2020-05-03,3.70978713,filled,ST.nc
2020-05-04,,filled,ST.nc
2020-05-05,,filled,ST.nc
2020-05-06,,filled,ST.nc
2020-05-07,,filled,ST.nc
2020-05-08,,filled,ST.nc
2020-05-09,2.035797119,filled,ST.nc
2020-05-10,1.772914886,filled,ST.nc
2020-05-11,2.249539614,filled,ST.nc
2020-05-12,2.655330896,filled,ST.nc
2020-05-13,,filled,ST.nc
2020-05-14,3.330564737,filled,ST.nc
2020-05-15,2.289339304,filled,ST.nc
2020-05-16,,filled,ST.nc
2020-05-17,,filled,ST.nc
2020-05-18,,filled,ST.nc
2020-05-19,1.797281742,filled,ST.nc
2020-05-20,1.95707047,filled,ST.nc
2020-05-21,,filled,ST.nc
2020-05-22,2.821766138,filled,ST.nc
2020-05-23,3.242960691,filled,ST.nc
2020-05-24,,filled,ST.nc
2020-05-25,,filled,ST.nc
2020-05-26,,filled,ST.nc
2020-05-27,,filled,ST.nc
2020-05-28,,filled,ST.nc
2020-05-29,,filled,ST.nc
2020-05-30,,filled,ST.nc
2020-05-31,,filled,ST.nc
2020-06-01,,filled,ST.nc
2020-06-02,,filled,ST.nc
2020-06-03,,filled,ST.nc
2020-06-04,,filled,ST.nc
2020-06-05,,filled,ST.nc
2020-06-06,,filled,ST.nc
2020-06-07,,filled,ST.nc
2020-06-08,,filled,ST.nc
2020-06-09,,filled,ST.nc
2020-06-10,,filled,ST.nc
2020-06-11,,filled,ST.nc
2020-06-12,1.491789579,filled,ST.nc
2020-06-13,,filled,ST.nc
2020-06-14,,filled,ST.nc
2020-06-15,,filled,ST.nc
2020-06-16,2.540879488,filled,ST.nc
2020-06-17,,filled,ST.nc
2020-06-18,3.64084816,filled,ST.nc
2020-06-19,2.468790293,filled,ST.nc
2020-06-20,2.802167654,filled,ST.nc
2020-06-21,2.558551788,filled,ST.nc
2020-06-22,,filled,ST.nc
2020-06-23,3.406870842,filled,ST.nc
2020-06-24,,filled,ST.nc
2020-06-25,2.57414484,filled,ST.nc
2020-06-26,2.470811367,filled,ST.nc
2020-06-27,,filled,ST.nc
2020-06-28,,filled,ST.nc
2020-06-29,1.693424225,filled,ST.nc
2020-06-30,,filled,ST.nc
2020-07-01,,filled,ST.nc
2020-07-02,2.292234421,filled,ST.nc
2020-07-03,1.244136095,filled,ST.nc
2020-07-04,7.037082195,filled,ST.nc
2020-07-05,3.532795429,filled,ST.nc
2020-07-06,,filled,ST.nc
2020-07-07,,filled,ST.nc
2020-07-08,2.19857502,filled,ST.nc
2020-07-09,2.513257027,filled,ST.nc
2020-07-10,11.92845535,filled,ST.nc
2020-07-11,4.98059082,filled,ST.nc
2020-07-12,17.25634003,filled,ST.nc
2020-07-13,,filled,ST.nc
2020-07-14,,filled,ST.nc
2020-07-15,,filled,ST.nc
2020-07-16,1.799612164,filled,ST.nc
2020-07-17,3.69731307,filled,ST.nc
2020-07-18,,filled,ST.nc
2020-07-19,,filled,ST.nc
2020-07-20,3.760059118,filled,ST.nc
2020-07-21,,filled,ST.nc
2020-07-22,6.32226038,filled,ST.nc
2020-07-23,5.318716526,filled,ST.nc
2020-07-24,1.733076572,filled,ST.nc
2020-07-25,,filled,ST.nc
2020-07-26,,filled,ST.nc
2020-07-27,2.241821766,filled,ST.nc
2020-07-28,2.430211544,filled,ST.nc
2020-07-29,3.692948341,filled,ST.nc
2020-07-30,2.746295691,filled,ST.nc
2020-07-31,3.69983077,filled,ST.nc
2020-08-01,,filled,ST.nc
2020-08-02,,filled,ST.nc
2020-08-03,,filled,ST.nc
2020-08-04,1.581831694,filled,ST.nc
2020-08-05,1.028962851,filled,ST.nc
2020-08-06,1.70644474,filled,ST.nc
2020-08-07,,filled,ST.nc
2020-08-08,,filled,ST.nc
2020-08-09,,filled,ST.nc
2020-08-10,,filled,ST.nc
2020-08-11,2.124795675,filled,ST.nc
2020-08-12,,filled,ST.nc
2020-08-13,,filled,ST.nc
2020-08-14,,filled,ST.nc
2020-08-15,3.001512289,filled,ST.nc
2020-08-16,,filled,ST.nc
2020-08-17,1.17079401,filled,ST.nc
2020-08-18,,filled,ST.nc
2020-08-19,,filled,ST.nc
2020-08-20,1.386989117,filled,ST.nc
2020-08-21,,filled,ST.nc
2020-08-22,,filled,ST.nc
2020-08-23,1.526767135,filled,ST.nc
2020-08-24,,filled,ST.nc
2020-08-25,1.785797954,filled,ST.nc
2020-08-26,1.185902357,filled,ST.nc
2020-08-27,1.038434982,filled,ST.nc
2020-08-28,1.019297719,filled,ST.nc
2020-08-29,,filled,ST.nc
2020-08-30,1.080396175,filled,ST.nc
2020-08-31,1.27643609,filled,ST.nc
2020-09-01,1.829209208,filled,ST.nc
2020-09-02,2.113945246,filled,ST.nc
2020-09-03,1.303291202,filled,ST.nc
2020-09-04,,filled,ST.nc
2020-09-05,2.101615429,filled,ST.nc
2020-09-06,,filled,ST.nc
2020-09-07,2.709830761,filled,ST.nc
2020-09-08,,filled,ST.nc
2020-09-09,,filled,ST.nc
2020-09-10,1.547271252,filled,ST.nc
2020-09-11,1.799083233,filled,ST.nc
2020-09-12,1.093872309,filled,ST.nc
2020-09-13,1.080587506,filled,ST.nc
2020-09-14,1.401160717,filled,ST.nc
2020-09-15,1.319009423,filled,ST.nc
2020-09-16,0.944733202,filled,ST.nc
2020-09-17,0.79554528,filled,ST.nc
2020-09-18,0.924624741,filled,ST.nc
2020-09-19,1.271947742,filled,ST.nc
2020-09-20,1.555652499,filled,ST.nc
2020-09-21,,filled,ST.nc
2020-09-22,,filled,ST.nc
2020-09-23,1.235768676,filled,ST.nc
2020-09-24,0.922261,filled,ST.nc
2020-09-25,2.660777807,filled,ST.nc
2020-09-26,1.446151733,filled,ST.nc
2020-09-27,1.338623524,filled,ST.nc
2020-09-28,,filled,ST.nc
2020-09-29,,filled,ST.nc
2020-09-30,,filled,ST.nc
2020-10-01,,filled,ST.nc
2020-10-02,,filled,ST.nc
2020-10-03,,filled,ST.nc
2020-10-04,0.875172198,filled,ST.nc
2020-10-05,0.891970396,filled,ST.nc
2020-10-06,1.188286304,filled,ST.nc
2020-10-07,,filled,ST.nc
2020-10-08,1.171560526,filled,ST.nc
2020-10-09,1.143760562,filled,ST.nc
2020-10-10,,filled,ST.nc
2020-10-11,,filled,ST.nc
2020-10-12,1.149767756,filled,ST.nc
2020-10-13,,filled,ST.nc
2020-10-14,,filled,ST.nc
2020-10-15,,filled,ST.nc
2020-10-16,1.132531762,filled,ST.nc
2020-10-17,1.150661707,filled,ST.nc
2020-10-18,1.443984509,filled,ST.nc
2020-10-19,1.73703289,filled,ST.nc
2020-10-20,2.297952652,filled,ST.nc
2020-10-21,1.604526639,filled,ST.nc
2020-10-22,1.336540937,filled,ST.nc
2020-10-23,1.341015458,filled,ST.nc
2020-10-24,1.539878726,filled,ST.nc
2020-10-25,1.471893907,filled,ST.nc
2020-10-26,1.926635146,filled,ST.nc
2020-10-27,1.961354613,filled,ST.nc
2020-10-28,2.079358101,filled,ST.nc
2020-10-29,2.131749153,filled,ST.nc
2020-10-30,,filled,ST.nc
2020-10-31,,filled,ST.nc
2020-11-01,,filled,ST.nc
2020-11-02,1.642565489,filled,ST.nc
2020-11-03,,filled,ST.nc
2020-11-04,,filled,ST.nc
2020-11-05,2.084689856,filled,ST.nc
2020-11-06,1.58875978,filled,ST.nc
2020-11-07,1.748020053,filled,ST.nc
2020-11-08,,filled,ST.nc
2020-11-09,,filled,ST.nc
2020-11-10,,filled,ST.nc
2020-11-11,,filled,ST.nc
2020-11-12,2.089828253,filled,ST.nc
2020-11-13,2.773663759,filled,ST.nc
2020-11-14,,filled,ST.nc
2020-11-15,,filled,ST.nc
2020-11-16,,filled,ST.nc
2020-11-17,1.774218321,filled,ST.nc
2020-11-18,1.272709966,filled,ST.nc
2020-11-19,2.264857292,filled,ST.nc
2020-11-20,1.294499755,filled,ST.nc
2020-11-21,1.310964942,filled,ST.nc
2020-11-22,1.962894201,filled,ST.nc
2020-11-23,1.478107333,filled,ST.nc
2020-11-24,1.462739587,filled,ST.nc
2020-11-25,,filled,ST.nc
2020-11-26,,filled,ST.nc
2020-11-27,1.279066086,filled,ST.nc
2020-11-28,1.729769945,filled,ST.nc
2020-11-29,,filled,ST.nc
2020-11-30,1.343801618,filled,ST.nc
2020-12-01,1.38771987,filled,ST.nc
2020-12-02,1.72515583,filled,ST.nc
2020-12-03,1.653294086,filled,ST.nc
2020-12-04,2.057903051,filled,ST.nc
2020-12-05,1.551316261,filled,ST.nc
2020-12-06,1.767012119,filled,ST.nc
2020-12-07,1.773047924,filled,ST.nc
2020-12-08,2.70002389,filled,ST.nc
2020-12-09,2.904557467,filled,ST.nc
2020-12-10,,filled,ST.nc
2020-12-11,2.264538288,filled,ST.nc
2020-12-12,,filled,ST.nc
2020-12-13,,filled,ST.nc
2020-12-14,1.794722915,filled,ST.nc
2020-12-15,1.587548256,filled,ST.nc
2020-12-16,1.769991636,filled,ST.nc
2020-12-17,1.206422567,filled,ST.nc
2020-12-18,1.433551311,filled,ST.nc
2020-12-19,2.513984203,filled,ST.nc
2020-12-20,1.825017333,filled,ST.nc
2020-12-21,2.453539848,filled,ST.nc
2020-12-22,1.828414917,filled,ST.nc
2020-12-23,,filled,ST.nc
2020-12-24,2.710413694,filled,ST.nc
2020-12-25,,filled,ST.nc
2020-12-26,,filled,ST.nc
2020-12-27,1.403537154,filled,ST.nc
2020-12-28,1.910015345,filled,ST.nc
2020-12-29,2.085992575,filled,ST.nc
2020-12-30,2.104763985,filled,ST.nc
2020-12-31,2.431658506,filled,ST.nc
2021-01-01,3.358308077,filled,ST.nc
2021-01-02,3.700173378,filled,ST.nc
2021-01-03,3.172575474,filled,ST.nc
2021-01-04,3.353138924,filled,ST.nc
2021-01-05,1.429635048,filled,ST.nc
2021-01-06,2.419018745,filled,ST.nc
2021-01-07,2.767643213,filled,ST.nc
2021-01-08,4.010246754,filled,ST.nc
2021-01-09,,filled,ST.nc
2021-01-10,,filled,ST.nc
2021-01-11,1.566434979,filled,ST.nc
2021-01-12,,filled,ST.nc
2021-01-13,1.315282345,filled,ST.nc
2021-01-14,1.473754168,filled,ST.nc
2021-01-15,2.078454018,filled,ST.nc
2021-01-16,2.991000652,filled,ST.nc
2021-01-17,1.869357228,filled,ST.nc
2021-01-18,,filled,ST.nc
2021-01-19,,filled,ST.nc
2021-01-20,1.995849133,filled,ST.nc
2021-01-21,2.909935474,filled,ST.nc
2021-01-22,1.646850705,filled,ST.nc
2021-01-23,1.253115535,filled,ST.nc
2021-01-24,,filled,ST.nc
2021-01-25,2.000495195,filled,ST.nc
2021-01-26,1.692958832,filled,ST.nc
2021-01-27,,filled,ST.nc
2021-01-28,1.441207051,filled,ST.nc
2021-01-29,1.567009687,filled,ST.nc
2021-01-30,1.575529933,filled,ST.nc
2021-01-31,2.19212079,filled,ST.nc
2021-02-01,1.540379405,filled,ST.nc
2021-02-02,,filled,ST.nc
2021-02-03,2.020886898,filled,ST.nc
2021-02-04,1.840464473,filled,ST.nc
2021-02-05,2.113434076,filled,ST.nc
2021-02-06,,filled,ST.nc
2021-02-07,,filled,ST.nc
2021-02-08,,filled,ST.nc
2021-02-09,,filled,ST.nc
2021-02-10,1.466500401,filled,ST.nc
2021-02-11,1.697626233,filled,ST.nc
2021-02-12,1.514869571,filled,ST.nc
2021-02-13,1.91734755,filled,ST.nc
2021-02-14,,filled,ST.nc
2021-02-15,,filled,ST.nc
2021-02-16,2.587030172,filled,ST.nc
2021-02-17,,filled,ST.nc
2021-02-18,,filled,ST.nc
2021-02-19,2.194653034,filled,ST.nc
2021-02-20,1.775226831,filled,ST.nc
2021-02-21,2.291590452,filled,ST.nc
2021-02-22,2.226947546,filled,ST.nc
2021-02-23,2.419825315,filled,ST.nc
2021-02-24,1.953855515,filled,ST.nc
2021-02-25,2.53709054,filled,ST.nc
2021-02-26,1.646366119,filled,ST.nc
2021-02-27,2.308816195,filled,ST.nc
2021-02-28,,filled,ST.nc
2021-03-01,,filled,ST.nc
2021-03-02,,filled,ST.nc
2021-03-03,,filled,ST.nc
2021-03-04,,filled,ST.nc
2021-03-05,,filled,ST.nc
2021-03-06,,filled,ST.nc
2021-03-07,1.597120881,filled,ST.nc
2021-03-08,,filled,ST.nc
2021-03-09,2.603888512,filled,ST.nc
2021-03-10,,filled,ST.nc
2021-03-11,,filled,ST.nc
2021-03-12,,filled,ST.nc
2021-03-13,4.515379429,filled,ST.nc
2021-03-14,,filled,ST.nc
2021-03-15,3.296943903,filled,ST.nc
2021-03-16,,filled,ST.nc
2021-03-17,7.43054533,filled,ST.nc
2021-03-18,6.208915234,filled,ST.nc
2021-03-19,7.754489422,filled,ST.nc
2021-03-20,3.08190155,filled,ST.nc
2021-03-21,3.30890727,filled,ST.nc
2021-03-22,4.664605141,filled,ST.nc
2021-03-23,3.909745693,filled,ST.nc
2021-03-24,2.775452375,filled,ST.nc
2021-03-25,2.611736774,filled,ST.nc
2021-03-26,2.111815691,filled,ST.nc
2021-03-27,1.948174834,filled,ST.nc
2021-03-28,2.220388651,filled,ST.nc
2021-03-29,3.135158777,filled,ST.nc
2021-03-30,3.906746387,filled,ST.nc
2021-03-31,,filled,ST.nc
2021-04-01,2.452763796,filled,ST.nc
2021-04-02,1.980091095,filled,ST.nc
2021-04-03,1.764842987,filled,ST.nc
2021-04-04,2.689441681,filled,ST.nc
2021-04-05,,filled,ST.nc
2021-04-06,3.541358471,filled,ST.nc
2021-04-07,,filled,ST.nc
2021-04-08,4.3012743,filled,ST.nc
2021-04-09,2.065348625,filled,ST.nc
2021-04-10,,filled,ST.nc
2021-04-11,,filled,ST.nc
2021-04-12,,filled,ST.nc
2021-04-13,,filled,ST.nc
2021-04-14,2.37110424,filled,ST.nc
2021-04-15,2.608462095,filled,ST.nc
2021-04-16,,filled,ST.nc
2021-04-17,2.2593503,filled,ST.nc
2021-04-18,2.652115822,filled,ST.nc
2021-04-19,,filled,ST.nc
2021-04-20,1.981622696,filled,ST.nc
2021-04-21,1.679531932,filled,ST.nc
2021-04-22,,filled,ST.nc
2021-04-23,,filled,ST.nc
2021-04-24,,filled,ST.nc
2021-04-25,1.698681235,filled,ST.nc
2021-04-26,1.41646564,filled,ST.nc
2021-04-27,,filled,ST.nc
2021-04-28,,filled,ST.nc
2021-04-29,,filled,ST.nc
2021-04-30,2.416019201,filled,ST.nc
2021-05-01,2.104203939,filled,ST.nc
2021-05-02,2.522536039,filled,ST.nc
2021-05-03,4.897182465,filled,ST.nc
2021-05-04,,filled,ST.nc
2021-05-05,,filled,ST.nc
2021-05-06,2.299312353,filled,ST.nc
2021-05-07,,filled,ST.nc
2021-05-08,2.981522083,filled,ST.nc
2021-05-09,,filled,ST.nc
2021-05-10,2.356136799,filled,ST.nc
2021-05-11,3.925931215,filled,ST.nc
2021-05-12,14.49688244,filled,ST.nc
2021-05-13,8.318498611,filled,ST.nc
2021-05-14,,filled,ST.nc
2021-05-15,,filled,ST.nc
2021-05-16,,filled,ST.nc
2021-05-17,3.953252077,filled,ST.nc
2021-05-18,,filled,ST.nc
2021-05-19,1.551770687,filled,ST.nc
2021-05-20,2.578272343,filled,ST.nc
2021-05-21,2.905030012,filled,ST.nc
2021-05-22,,filled,ST.nc
2021-05-23,0.922980487,filled,ST.nc
2021-05-24,,filled,ST.nc
2021-05-25,,filled,ST.nc
2021-05-26,,filled,ST.nc
2021-05-27,3.698527813,filled,ST.nc
2021-05-28,3.372579336,filled,ST.nc
2021-05-29,,filled,ST.nc
2021-05-30,,filled,ST.nc
2021-05-31,2.658302307,filled,ST.nc
2021-06-01,1.673863173,filled,ST.nc
2021-06-02,2.351040602,filled,ST.nc
2021-06-03,,filled,ST.nc
2021-06-04,4.217196465,filled,ST.nc
2021-06-05,1.707623839,filled,ST.nc
2021-06-06,1.646384716,filled,ST.nc
2021-06-07,,filled,ST.nc
2021-06-08,,filled,ST.nc
2021-06-09,,filled,ST.nc
2021-06-10,,filled,ST.nc
2021-06-11,,filled,ST.nc
2021-06-12,1.804046869,filled,ST.nc
2021-06-13,1.221024752,filled,ST.nc
2021-06-14,,filled,ST.nc
2021-06-15,,filled,ST.nc
2021-06-16,,filled,ST.nc
2021-06-17,2.654338121,filled,ST.nc
2021-06-18,3.24349618,filled,ST.nc
2021-06-19,,filled,ST.nc
2021-06-20,,filled,ST.nc
2021-06-21,,filled,ST.nc
2021-06-22,1.949787974,filled,ST.nc
2021-06-23,2.316958189,filled,ST.nc
2021-06-24,1.995968938,filled,ST.nc
2021-06-25,1.634674549,filled,ST.nc
2021-06-26,4.055491924,filled,ST.nc
2021-06-27,,filled,ST.nc
2021-06-28,2.693898201,filled,ST.nc
2021-06-29,,filled,ST.nc
2021-06-30,,filled,ST.nc
2021-07-01,1.454117179,filled,ST.nc
2021-07-02,1.373165607,filled,ST.nc
2021-07-03,,filled,ST.nc
2021-07-04,,filled,ST.nc
2021-07-05,,filled,ST.nc
2021-07-06,6.111965179,filled,ST.nc
2021-07-07,2.552485466,filled,ST.nc
2021-07-08,1.156999826,filled,ST.nc
2021-07-09,,filled,ST.nc
2021-07-10,,filled,ST.nc
2021-07-11,2.043239117,filled,ST.nc
2021-07-12,,filled,ST.nc
2021-07-13,2.777463198,filled,ST.nc
2021-07-14,,filled,ST.nc
2021-07-15,,filled,ST.nc
2021-07-16,,filled,ST.nc
2021-07-17,,filled,ST.nc
2021-07-18,,filled,ST.nc
2021-07-19,,filled,ST.nc
2021-07-20,,filled,ST.nc
2021-07-21,1.483832836,filled,ST.nc
2021-07-22,2.659431696,filled,ST.nc
2021-07-23,,filled,ST.nc
2021-07-24,0.860528767,filled,ST.nc
2021-07-25,,filled,ST.nc
2021-07-26,4.238520145,filled,ST.nc
2021-07-27,,filled,ST.nc
2021-07-28,,filled,ST.nc
2021-07-29,3.079754829,filled,ST.nc
2021-07-30,,filled,ST.nc
2021-07-31,,filled,ST.nc
2021-08-01,,filled,ST.nc
2021-08-02,,filled,ST.nc
2021-08-03,,filled,ST.nc
2021-08-04,2.590018988,filled,ST.nc
2021-08-05,2.934135914,filled,ST.nc
2021-08-06,,filled,ST.nc
2021-08-07,,filled,ST.nc
2021-08-08,,filled,ST.nc
2021-08-09,,filled,ST.nc
2021-08-10,,filled,ST.nc
2021-08-11,,filled,ST.nc
2021-08-12,2.879023314,filled,ST.nc
2021-08-13,4.718961239,filled,ST.nc
2021-08-14,2.866820097,filled,ST.nc
2021-08-15,1.696704268,filled,ST.nc
2021-08-16,2.18711853,filled,ST.nc
2021-08-17,2.609251976,filled,ST.nc
2021-08-18,,filled,ST.nc
2021-08-19,,filled,ST.nc
2021-08-20,4.555052757,filled,ST.nc
2021-08-21,,filled,ST.nc
2021-08-22,,filled,ST.nc
2021-08-23,,filled,ST.nc
2021-08-24,1.450228214,filled,ST.nc
2021-08-25,1.692996144,filled,ST.nc
2021-08-26,2.145375967,filled,ST.nc
2021-08-27,0.851877332,filled,ST.nc
2021-08-28,,filled,ST.nc
2021-08-29,,filled,ST.nc
2021-08-30,,filled,ST.nc
2021-08-31,,filled,ST.nc
2021-09-01,,filled,ST.nc
2021-09-02,1.611266136,filled,ST.nc
2021-09-03,,filled,ST.nc
2021-09-04,1.98137176,filled,ST.nc
2021-09-05,2.079466343,filled,ST.nc
2021-09-06,1.828749537,filled,ST.nc
2021-09-07,6.008892536,filled,ST.nc
2021-09-08,2.487454176,filled,ST.nc
2021-09-09,,filled,ST.nc
2021-09-10,3.196989536,filled,ST.nc
2021-09-11,2.872890949,filled,ST.nc
2021-09-12,1.314914703,filled,ST.nc
2021-09-13,1.480128288,filled,ST.nc
2021-09-14,1.50936079,filled,ST.nc
2021-09-15,,filled,ST.nc
2021-09-16,2.584786654,filled,ST.nc
2021-09-17,2.421353579,filled,ST.nc
2021-09-18,,filled,ST.nc
2021-09-19,,filled,ST.nc
2021-09-20,2.641368389,filled,ST.nc
2021-09-21,2.414298058,filled,ST.nc
2021-09-22,5.189513683,filled,ST.nc
2021-09-23,5.693929195,filled,ST.nc
2021-09-24,1.391076207,filled,ST.nc
2021-09-25,,filled,ST.nc
2021-09-26,,filled,ST.nc
2021-09-27,,filled,ST.nc
2021-09-28,,filled,ST.nc
2021-09-29,1.628041744,filled,ST.nc
2021-09-30,,filled,ST.nc
2021-10-01,,filled,ST.nc
2021-10-02,1.853182912,filled,ST.nc
2021-10-03,1.424099326,filled,ST.nc
2021-10-04,,filled,ST.nc
2021-10-05,,filled,ST.nc
2021-10-06,0.942750812,filled,ST.nc
2021-10-07,0.914201438,filled,ST.nc
2021-10-08,0.831902504,filled,ST.nc
2021-10-09,0.942010224,filled,ST.nc
2021-10-10,1.711732745,filled,ST.nc
2021-10-11,,filled,ST.nc
2021-10-12,,filled,ST.nc
2021-10-13,1.472596049,filled,ST.nc
2021-10-14,,filled,ST.nc
2021-10-15,1.7084589,filled,ST.nc
2021-10-16,,filled,ST.nc
2021-10-17,,filled,ST.nc
2021-10-18,12.55863953,filled,ST.nc
2021-10-19,,filled,ST.nc
2021-10-20,,filled,ST.nc
2021-10-21,2.616418123,filled,ST.nc
2021-10-22,1.246742964,filled,ST.nc
2021-10-23,1.412780046,filled,ST.nc
2021-10-24,1.186718106,filled,ST.nc
2021-10-25,,filled,ST.nc
2021-10-26,,filled,ST.nc
2021-10-27,,filled,ST.nc
2021-10-28,1.43252337,filled,ST.nc
2021-10-29,1.646371245,filled,ST.nc
2021-10-30,1.416899085,filled,ST.nc
2021-10-31,2.032895088,filled,ST.nc
2021-11-01,,filled,ST.nc
2021-11-02,,filled,ST.nc
2021-11-03,,filled,ST.nc
2021-11-04,2.149492025,filled,ST.nc
2021-11-05,1.88596642,filled,ST.nc
2021-11-06,2.201501131,filled,ST.nc
2021-11-07,,filled,ST.nc
2021-11-08,,filled,ST.nc
2021-11-09,,filled,ST.nc
2021-11-10,4.036558151,filled,ST.nc
2021-11-11,3.303480387,filled,ST.nc
2021-11-12,,filled,ST.nc
2021-11-13,,filled,ST.nc
2021-11-14,3.69119215,filled,ST.nc
2021-11-15,5.930450916,filled,ST.nc
2021-11-16,2.74281621,filled,ST.nc
2021-11-17,0.266482651,filled,ST.nc
2021-11-18,,filled,ST.nc
2021-11-19,,filled,ST.nc
2021-11-20,,filled,ST.nc
2021-11-21,,filled,ST.nc
2021-11-22,,filled,ST.nc
2021-11-23,2.790644646,filled,ST.nc
2021-11-24,,filled,ST.nc
2021-11-25,,filled,ST.nc
2021-11-26,3.288197517,filled,ST.nc
2021-11-27,,filled,ST.nc
2021-11-28,,filled,ST.nc
2021-11-29,,filled,ST.nc
2021-11-30,2.261669636,filled,ST.nc
2021-12-01,2.313335896,filled,ST.nc
2021-12-02,,filled,ST.nc
2021-12-03,,filled,ST.nc
2021-12-04,2.836657524,filled,ST.nc
2021-12-05,3.949334383,filled,ST.nc
2021-12-06,,filled,ST.nc
2021-12-07,4.823154926,filled,ST.nc
2021-12-08,5.790163994,filled,ST.nc
2021-12-09,,filled,ST.nc
2021-12-10,,filled,ST.nc
2021-12-11,7.012920856,filled,ST.nc
2021-12-12,,filled,ST.nc
2021-12-13,,filled,ST.nc
2021-12-14,,filled,ST.nc
2021-12-15,2.419020176,filled,ST.nc
2021-12-16,2.097444296,filled,ST.nc
2021-12-17,,filled,ST.nc
2021-12-18,,filled,ST.nc
2021-12-19,4.552910805,filled,ST.nc
2021-12-20,2.338613033,filled,ST.nc
2021-12-21,,filled,ST.nc
2021-12-22,,filled,ST.nc
2021-12-23,2.915982008,filled,ST.nc
2021-12-24,3.272991896,filled,ST.nc
2021-12-25,,filled,ST.nc
2021-12-26,6.191639423,filled,ST.nc
2021-12-27,10.28572845,filled,ST.nc
2021-12-28,3.431210756,filled,ST.nc
2021-12-29,,filled,ST.nc
2021-12-30,2.260959148,filled,ST.nc
2021-12-31,2.520136356,filled,ST.nc
2022-01-01,2.534350395,filled,ST.nc
2022-01-02,1.906774759,filled,ST.nc
2022-01-03,1.709656239,filled,ST.nc
2022-01-04,1.872197032,filled,ST.nc
2022-01-05,,filled,ST.nc
2022-01-06,2.70206356,filled,ST.nc
2022-01-07,3.257637739,filled,ST.nc
2022-01-08,2.090157747,filled,ST.nc
2022-01-09,2.159210443,filled,ST.nc
2022-01-10,2.022983313,filled,ST.nc
2022-01-11,2.236008167,filled,ST.nc
2022-01-12,1.810340643,filled,ST.nc
2022-01-13,,filled,ST.nc
2022-01-14,1.757418036,filled,ST.nc
2022-01-15,2.644643784,filled,ST.nc
2022-01-16,1.863515854,filled,ST.nc
2022-01-17,2.739857435,filled,ST.nc
2022-01-18,2.288035393,filled,ST.nc
2022-01-19,5.106683731,filled,ST.nc
2022-01-20,6.871709824,filled,ST.nc
2022-01-21,5.954161644,filled,ST.nc
2022-01-22,7.908086777,filled,ST.nc
2022-01-23,2.469704628,filled,ST.nc
2022-01-24,1.402906656,filled,ST.nc
2022-01-25,1.447038412,filled,ST.nc
2022-01-26,1.865834117,filled,ST.nc
2022-01-27,1.282725453,filled,ST.nc
2022-01-28,1.516634583,filled,ST.nc
2022-01-29,2.037192822,filled,ST.nc
2022-01-30,3.046070337,filled,ST.nc
2022-01-31,2.235737085,filled,ST.nc
2022-02-01,,filled,ST.nc
2022-02-02,4.330877304,filled,ST.nc
2022-02-03,11.23164749,filled,ST.nc
2022-02-04,7.152075768,filled,ST.nc
2022-02-05,5.02341032,filled,ST.nc
2022-02-06,,filled,ST.nc
2022-02-07,4.563459396,filled,ST.nc
2022-02-08,2.564534903,filled,ST.nc
2022-02-09,3.712309122,filled,ST.nc
2022-02-10,2.442107916,filled,ST.nc
2022-02-11,2.957791567,filled,ST.nc
2022-02-12,5.161409855,filled,ST.nc
2022-02-13,3.49371314,filled,ST.nc
2022-02-14,4.566857815,filled,ST.nc
2022-02-15,2.779719591,filled,ST.nc
2022-02-16,3.216464281,filled,ST.nc
2022-02-17,6.762032986,filled,ST.nc
2022-02-18,6.783475399,filled,ST.nc
2022-02-19,2.975219488,filled,ST.nc
2022-02-20,2.747609377,filled,ST.nc
2022-02-21,2.92280817,filled,ST.nc
2022-02-22,2.072640419,filled,ST.nc
2022-02-23,1.250465512,filled,ST.nc
2022-02-24,1.690492272,filled,ST.nc
2022-02-25,1.545208573,filled,ST.nc
2022-02-26,1.77415514,filled,ST.nc
2022-02-27,1.449500799,filled,ST.nc
2022-02-28,,filled,ST.nc
2022-03-01,1.491294146,filled,ST.nc
2022-03-02,,filled,ST.nc
2022-03-03,2.127127647,filled,ST.nc
2022-03-04,3.185691595,filled,ST.nc
2022-03-05,2.727534056,filled,ST.nc
2022-03-06,4.270581722,filled,ST.nc
2022-03-07,2.633532286,filled,ST.nc
2022-03-08,4.373034,filled,ST.nc
2022-03-09,,filled,ST.nc
2022-03-10,,filled,ST.nc
2022-03-11,3.485336542,filled,ST.nc
2022-03-12,2.076041222,filled,ST.nc
2022-03-13,,filled,ST.nc
2022-03-14,3.162463665,filled,ST.nc
2022-03-15,,filled,ST.nc
2022-03-16,1.8070122,filled,ST.nc
2022-03-17,3.397433281,filled,ST.nc
2022-03-18,,filled,ST.nc
2022-03-19,,filled,ST.nc
2022-03-20,3.996860266,filled,ST.nc
2022-03-21,,filled,ST.nc
2022-03-22,2.00670743,filled,ST.nc
2022-03-23,3.92188859,filled,ST.nc
2022-03-24,2.845379353,filled,ST.nc
2022-03-25,,filled,ST.nc
2022-03-26,2.096482038,filled,ST.nc
2022-03-27,,filled,ST.nc
2022-03-28,,filled,ST.nc
2022-03-29,,filled,ST.nc
2022-03-30,,filled,ST.nc
2022-03-31,6.022593498,filled,ST.nc
2022-04-01,,filled,ST.nc
2022-04-02,,filled,ST.nc
2022-04-03,,filled,ST.nc
2022-04-04,,filled,ST.nc
2022-04-05,2.493100405,filled,ST.nc
2022-04-06,2.183341265,filled,ST.nc
2022-04-07,2.183671713,filled,ST.nc
2022-04-08,,filled,ST.nc
2022-04-09,2.255871058,filled,ST.nc
2022-04-10,2.221876383,filled,ST.nc
2022-04-11,3.301495552,filled,ST.nc
2022-04-12,4.383965015,filled,ST.nc
2022-04-13,2.450327396,filled,ST.nc
2022-04-14,1.59408164,filled,ST.nc
2022-04-15,,filled,ST.nc
2022-04-16,2.132286787,filled,ST.nc
2022-04-17,1.941688061,filled,ST.nc
2022-04-18,1.867082,filled,ST.nc
2022-04-19,2.728615046,filled,ST.nc
2022-04-20,2.076035261,filled,ST.nc
2022-04-21,2.265963316,filled,ST.nc
2022-04-22,5.43642664,filled,ST.nc
2022-04-23,,filled,ST.nc
2022-04-24,3.695729256,filled,ST.nc
2022-04-25,,filled,ST.nc
2022-04-26,1.909816384,filled,ST.nc
2022-04-27,,filled,ST.nc
2022-04-28,,filled,ST.nc
2022-04-29,1.970949411,filled,ST.nc
2022-04-30,1.855640888,filled,ST.nc
2022-05-01,1.410559297,filled,ST.nc
2022-05-02,1.333275437,filled,ST.nc
2022-05-03,1.600876331,filled,ST.nc
2022-05-04,1.843358994,filled,ST.nc
2022-05-05,2.164244413,filled,ST.nc
2022-05-06,2.500934601,filled,ST.nc
2022-05-07,2.877985477,filled,ST.nc
2022-05-08,3.173779249,filled,ST.nc
2022-05-09,2.802878857,filled,ST.nc
2022-05-10,3.638580799,filled,ST.nc
2022-05-11,,filled,ST.nc
2022-05-12,,filled,ST.nc
2022-05-13,1.214156508,filled,ST.nc
2022-05-14,,filled,ST.nc
2022-05-15,,filled,ST.nc
2022-05-16,2.348410845,filled,ST.nc
2022-05-17,1.851958036,filled,ST.nc
2022-05-18,2.724729061,filled,ST.nc
2022-05-19,,filled,ST.nc
2022-05-20,,filled,ST.nc
2022-05-21,2.080343962,filled,ST.nc
2022-05-22,0.778499365,filled,ST.nc
2022-05-23,,filled,ST.nc
2022-05-24,3.159659624,filled,ST.nc
2022-05-25,2.029099941,filled,ST.nc
2022-05-26,2.92665267,filled,ST.nc
2022-05-27,3.822586536,filled,ST.nc
2022-05-28,3.296619654,filled,ST.nc
2022-05-29,2.821037054,filled,ST.nc
2022-05-30,2.219149351,filled,ST.nc
2022-05-31,1.546317816,filled,ST.nc
2022-06-01,2.146116495,filled,ST.nc
2022-06-02,,filled,ST.nc
2022-06-03,,filled,ST.nc
2022-06-04,1.964186788,filled,ST.nc
2022-06-05,1.578439951,filled,ST.nc
2022-06-06,,filled,ST.nc
2022-06-07,1.984119296,filled,ST.nc
2022-06-08,,filled,ST.nc
2022-06-09,,filled,ST.nc
2022-06-10,,filled,ST.nc
2022-06-11,1.216468334,filled,ST.nc
2022-06-12,,filled,ST.nc
2022-06-13,2.812192678,filled,ST.nc
2022-06-14,,filled,ST.nc
2022-06-15,,filled,ST.nc
2022-06-16,,filled,ST.nc
2022-06-17,2.296299934,filled,ST.nc
2022-06-18,2.936304569,filled,ST.nc
2022-06-19,,filled,ST.nc
2022-06-20,2.71684885,filled,ST.nc
2022-06-21,1.844422221,filled,ST.nc
2022-06-22,,filled,ST.nc
2022-06-23,,filled,ST.nc
2022-06-24,3.037627935,filled,ST.nc
2022-06-25,2.886572838,filled,ST.nc
2022-06-26,3.576418161,filled,ST.nc
2022-06-27,6.209153175,filled,ST.nc
2022-06-28,2.892960072,filled,ST.nc
2022-06-29,5.907151222,filled,ST.nc
2022-06-30,7.307188988,filled,ST.nc
2022-07-01,14.29213333,filled,ST.nc
2022-07-02,,filled,ST.nc
2022-07-03,,filled,ST.nc
2022-07-04,12.10050678,filled,ST.nc
2022-07-05,,filled,ST.nc
2022-07-06,2.255943775,filled,ST.nc
2022-07-07,3.369011402,filled,ST.nc
2022-07-08,2.382095337,filled,ST.nc
2022-07-09,,filled,ST.nc
2022-07-10,2.623744011,filled,ST.nc
2022-07-11,1.428047061,filled,ST.nc
2022-07-12,2.588496685,filled,ST.nc
2022-07-13,,filled,ST.nc
2022-07-14,,filled,ST.nc
2022-07-15,3.156684399,filled,ST.nc
2022-07-16,,filled,ST.nc
2022-07-17,,filled,ST.nc
2022-07-18,0.911339343,filled,ST.nc
2022-07-19,1.672259927,filled,ST.nc
2022-07-20,,filled,ST.nc
2022-07-21,,filled,ST.nc
2022-07-22,,filled,ST.nc
2022-07-23,,filled,ST.nc
2022-07-24,,filled,ST.nc
2022-07-25,2.430886745,filled,ST.nc
2022-07-26,,filled,ST.nc
2022-07-27,1.842219234,filled,ST.nc
2022-07-28,2.558261871,filled,ST.nc
2022-07-29,,filled,ST.nc
2022-07-30,,filled,ST.nc
2022-07-31,,filled,ST.nc
2022-08-01,,filled,ST.nc
2022-08-02,2.694114208,filled,ST.nc
2022-08-03,,filled,ST.nc
2022-08-04,,filled,ST.nc
2022-08-05,,filled,ST.nc
2022-08-06,,filled,ST.nc
2022-08-07,2.738492012,filled,ST.nc
2022-08-08,2.725907564,filled,ST.nc
2022-08-09,,filled,ST.nc
2022-08-10,,filled,ST.nc
2022-08-11,2.142940998,filled,ST.nc
2022-08-12,1.293470383,filled,ST.nc
2022-08-13,,filled,ST.nc
2022-08-14,,filled,ST.nc
2022-08-15,2.704088449,filled,ST.nc
2022-08-16,,filled,ST.nc
2022-08-17,3.493478775,filled,ST.nc
2022-08-18,2.191222429,filled,ST.nc
2022-08-19,,filled,ST.nc
2022-08-20,,filled,ST.nc
2022-08-21,1.793133616,filled,ST.nc
2022-08-22,1.472105503,filled,ST.nc
2022-08-23,1.220290661,filled,ST.nc
2022-08-24,,filled,ST.nc
2022-08-25,2.705913067,filled,ST.nc
2022-08-26,5.311410904,filled,ST.nc
2022-08-27,1.14559412,filled,ST.nc
2022-08-28,,filled,ST.nc
2022-08-29,1.426841497,filled,ST.nc
2022-08-30,1.196067214,filled,ST.nc
2022-08-31,1.195841432,filled,ST.nc
2022-09-01,1.986730695,filled,ST.nc
2022-09-02,,filled,ST.nc
2022-09-03,,filled,ST.nc
2022-09-04,,filled,ST.nc
2022-09-05,,filled,ST.nc
2022-09-06,2.575595856,filled,ST.nc
2022-09-07,,filled,ST.nc
2022-09-08,,filled,ST.nc
2022-09-09,7.168012142,filled,ST.nc
2022-09-10,3.290083885,filled,ST.nc
2022-09-11,1.844198704,filled,ST.nc
2022-09-12,2.743635893,filled,ST.nc
2022-09-13,,filled,ST.nc
2022-09-14,,filled,ST.nc
2022-09-15,,filled,ST.nc
2022-09-16,,filled,ST.nc
2022-09-17,,filled,ST.nc
2022-09-18,2.573308706,filled,ST.nc
2022-09-19,,filled,ST.nc
2022-09-20,,filled,ST.nc
2022-09-21,2.499952555,filled,ST.nc
2022-09-22,3.337814331,filled,ST.nc
2022-09-23,2.063229561,filled,ST.nc
2022-09-24,,filled,ST.nc
2022-09-25,1.43778336,filled,ST.nc
2022-09-26,1.501553655,filled,ST.nc
2022-09-27,1.783591151,filled,ST.nc
2022-09-28,,filled,ST.nc
2022-09-29,3.408116579,filled,ST.nc
2022-09-30,2.161056519,filled,ST.nc
2022-10-01,3.53615737,filled,ST.nc
2022-10-02,,filled,ST.nc
2022-10-03,,filled,ST.nc
2022-10-04,2.929600477,filled,ST.nc
2022-10-05,2.773720026,filled,ST.nc
2022-10-06,1.911898136,filled,ST.nc
2022-10-07,2.346171141,filled,ST.nc
2022-10-08,1.829541683,filled,ST.nc
2022-10-09,,filled,ST.nc
2022-10-10,,filled,ST.nc
2022-10-11,1.832876801,filled,ST.nc
2022-10-12,2.130459547,filled,ST.nc
2022-10-13,3.699112892,filled,ST.nc
2022-10-14,3.478134871,filled,ST.nc
2022-10-15,2.676862955,filled,ST.nc
2022-10-16,3.653801441,filled,ST.nc
2022-10-17,0.987406492,filled,ST.nc
2022-10-18,4.824226379,filled,ST.nc
2022-10-19,4.081635475,filled,ST.nc
2022-10-20,4.497205257,filled,ST.nc
2022-10-21,4.200334549,filled,ST.nc
2022-10-22,2.91295886,filled,ST.nc
2022-10-23,,filled,ST.nc
2022-10-24,2.343989611,filled,ST.nc
2022-10-25,,filled,ST.nc
2022-10-26,2.452643156,filled,ST.nc
2022-10-27,2.918348789,filled,ST.nc
2022-10-28,2.854856253,filled,ST.nc
2022-10-29,,filled,ST.nc
2022-10-30,3.562569618,filled,ST.nc
2022-10-31,2.50134778,filled,ST.nc
2022-11-01,2.616878271,filled,ST.nc
2022-11-02,3.910191774,filled,ST.nc
2022-11-03,3.474438906,filled,ST.nc
2022-11-04,16.11287498,filled,ST.nc
2022-11-05,3.411837578,filled,ST.nc
2022-11-06,2.601660013,filled,ST.nc
2022-11-07,,filled,ST.nc
2022-11-08,,filled,ST.nc
2022-11-09,0.311803013,filled,ST.nc
2022-11-10,,filled,ST.nc
2022-11-11,2.035559416,filled,ST.nc
2022-11-12,2.177538872,filled,ST.nc
2022-11-13,,filled,ST.nc
2022-11-14,5.556829453,filled,ST.nc
2022-11-15,3.479469776,filled,ST.nc
2022-11-16,2.626710415,filled,ST.nc
2022-11-17,2.403899431,filled,ST.nc
2022-11-18,,filled,ST.nc
2022-11-19,2.842243671,filled,ST.nc
2022-11-20,1.940761447,filled,ST.nc
2022-11-21,3.214435101,filled,ST.nc
2022-11-22,,filled,ST.nc
2022-11-23,17.69678497,filled,ST.nc
2022-11-24,,filled,ST.nc
2022-11-25,,filled,ST.nc
2022-11-26,8.637136459,filled,ST.nc
2022-11-27,4.776500702,filled,ST.nc
2022-11-28,2.949274302,filled,ST.nc
2022-11-29,2.483173847,filled,ST.nc
2022-11-30,14.14108753,filled,ST.nc
2022-12-01,,filled,ST.nc
2022-12-02,0.099364437,filled,ST.nc
2022-12-03,,filled,ST.nc
2022-12-04,2.828261375,filled,ST.nc
2022-12-05,2.373945475,filled,ST.nc
2022-12-06,,filled,ST.nc
2022-12-07,2.146233559,filled,ST.nc
2022-12-08,1.761535168,filled,ST.nc
2022-12-09,,filled,ST.nc
2022-12-10,1.852358937,filled,ST.nc
2022-12-11,2.419475079,filled,ST.nc
2022-12-12,3.165213823,filled,ST.nc
2022-12-13,,filled,ST.nc
2022-12-14,5.677752018,filled,ST.nc
2022-12-15,6.93744421,filled,ST.nc
2022-12-16,2.191361666,filled,ST.nc
2022-12-17,3.257328033,filled,ST.nc
2022-12-18,,filled,ST.nc
2022-12-19,2.96433115,filled,ST.nc
2022-12-20,3.130526066,filled,ST.nc
2022-12-21,2.961527824,filled,ST.nc
2022-12-22,,filled,ST.nc
2022-12-23,2.655928612,filled,ST.nc
2022-12-24,3.109589577,filled,ST.nc
2022-12-25,2.095564365,filled,ST.nc
2022-12-26,1.033720016,filled,ST.nc
2022-12-27,,filled,ST.nc
2022-12-28,1.766634583,filled,ST.nc
2022-12-29,1.764383793,filled,ST.nc
2022-12-30,2.525317907,filled,ST.nc
2022-12-31,,filled,ST.nc
2023-01-01,2.260044098,filled,ST.nc
2023-01-02,3.212380409,filled,ST.nc
2023-01-03,3.559022427,filled,ST.nc
2023-01-04,2.411826849,filled,ST.nc
2023-01-05,4.298119068,filled,ST.nc
2023-01-06,0.397188693,filled,ST.nc
2023-01-07,2.340000868,filled,ST.nc
2023-01-08,3.170423269,filled,ST.nc
2023-01-09,1.799279332,filled,ST.nc
2023-01-10,2.056758165,filled,ST.nc
2023-01-11,,filled,ST.nc
2023-01-12,2.355255127,filled,ST.nc
2023-01-13,2.658366919,filled,ST.nc
2023-01-14,4.779013634,filled,ST.nc
2023-01-15,4.665468216,filled,ST.nc
2023-01-16,2.186997175,filled,ST.nc
2023-01-17,2.791710854,filled,ST.nc
2023-01-18,,filled,ST.nc
2023-01-19,,filled,ST.nc
2023-01-20,4.14152813,filled,ST.nc
2023-01-21,2.680788517,filled,ST.nc
2023-01-22,2.053194046,filled,ST.nc
2023-01-23,2.974138498,filled,ST.nc
2023-01-24,1.670439124,filled,ST.nc
2023-01-25,2.348073721,filled,ST.nc
2023-01-26,3.371876478,filled,ST.nc
2023-01-27,2.3212111,filled,ST.nc
2023-01-28,1.857395768,filled,ST.nc
2023-01-29,1.829481363,filled,ST.nc
2023-01-30,3.081075668,filled,ST.nc
2023-01-31,2.550323963,filled,ST.nc
2023-02-01,2.474379539,filled,ST.nc
2023-02-02,2.784460545,filled,ST.nc
2023-02-03,5.544399738,filled,ST.nc
2023-02-04,,filled,ST.nc
2023-02-05,3.576096773,filled,ST.nc
2023-02-06,,filled,ST.nc
2023-02-07,3.39923358,filled,ST.nc
2023-02-08,2.360693455,filled,ST.nc
2023-02-09,1.62322855,filled,ST.nc
2023-02-10,4.436255455,filled,ST.nc
2023-02-11,2.051934004,filled,ST.nc
2023-02-12,2.201405525,filled,ST.nc
2023-02-13,2.622928858,filled,ST.nc
2023-02-14,,filled,ST.nc
2023-02-15,,filled,ST.nc
2023-02-16,2.573245525,filled,ST.nc
2023-02-17,2.088678598,filled,ST.nc
2023-02-18,4.244622231,filled,ST.nc
2023-02-19,2.688262939,filled,ST.nc
2023-02-20,3.118702173,filled,ST.nc
2023-02-21,0.311559021,filled,ST.nc
2023-02-22,4.151122093,filled,ST.nc
2023-02-23,1.839620113,filled,ST.nc
2023-02-24,3.327902079,filled,ST.nc
2023-02-25,3.116374731,filled,ST.nc
2023-02-26,3.545608044,filled,ST.nc
2023-02-27,,filled,ST.nc
2023-02-28,2.634918213,filled,ST.nc
2023-03-01,2.763427496,filled,ST.nc
2023-03-02,3.905978203,filled,ST.nc
2023-03-03,3.532963753,filled,ST.nc
2023-03-04,1.78266561,filled,ST.nc
2023-03-05,2.259397984,filled,ST.nc
2023-03-06,1.630029798,filled,ST.nc
2023-03-07,2.01579237,filled,ST.nc
2023-03-08,2.027566195,filled,ST.nc
2023-03-09,4.9547019,filled,ST.nc
2023-03-10,2.680360556,filled,ST.nc
2023-03-11,3.142008305,filled,ST.nc
2023-03-12,2.054560184,filled,ST.nc
2023-03-13,,filled,ST.nc
2023-03-14,2.191770315,filled,ST.nc
2023-03-15,1.962239146,filled,ST.nc
2023-03-16,1.513137341,filled,ST.nc
2023-03-17,2.976880074,filled,ST.nc
2023-03-18,2.026922226,filled,ST.nc
2023-03-19,2.43792057,filled,ST.nc
2023-03-20,2.549508095,filled,ST.nc
2023-03-21,3.263848782,filled,ST.nc
2023-03-22,4.043325424,filled,ST.nc
2023-03-23,2.984680891,filled,ST.nc
2023-03-24,0.259558499,filled,ST.nc
2023-03-25,16.84965324,filled,ST.nc
2023-03-26,,filled,ST.nc
2023-03-27,3.411957741,filled,ST.nc
2023-03-28,1.921602726,filled,ST.nc
2023-03-29,3.711129189,filled,ST.nc
2023-03-30,0.289804071,filled,ST.nc
2023-03-31,1.682207227,filled,ST.nc
2023-04-01,,filled,ST.nc
2023-04-02,,filled,ST.nc
2023-04-03,2.238029242,filled,ST.nc
2023-04-04,1.593603611,filled,ST.nc
2023-04-05,3.225825548,filled,ST.nc
2023-04-06,1.847870827,filled,ST.nc
2023-04-07,1.456168056,filled,ST.nc
2023-04-08,,filled,ST.nc
2023-04-09,,filled,ST.nc
2023-04-10,2.479744434,filled,ST.nc
2023-04-11,3.573009014,filled,ST.nc
2023-04-12,,filled,ST.nc
2023-04-13,,filled,ST.nc
2023-04-14,,filled,ST.nc
2023-04-15,,filled,ST.nc
2023-04-16,,filled,ST.nc
2023-04-17,2.283621073,filled,ST.nc
2023-04-18,4.960836411,filled,ST.nc
2023-04-19,3.459694147,filled,ST.nc
2023-04-20,4.633749008,filled,ST.nc
2023-04-21,5.394268036,filled,ST.nc
2023-04-22,4.250452995,filled,ST.nc
2023-04-23,4.769797802,filled,ST.nc
2023-04-24,,filled,ST.nc
2023-04-25,,filled,ST.nc
2023-04-26,,filled,ST.nc
2023-04-27,,filled,ST.nc
2023-04-28,1.884052277,filled,ST.nc
2023-04-29,2.247178316,filled,ST.nc
2023-04-30,2.073217392,filled,ST.nc
2023-05-01,2.115228891,filled,ST.nc
2023-05-02,3.68763423,filled,ST.nc
2023-05-03,2.015386581,filled,ST.nc
2023-05-04,2.593757868,filled,ST.nc
2023-05-05,1.290220976,filled,ST.nc
2023-05-06,,filled,ST.nc
2023-05-07,,filled,ST.nc
2023-05-08,1.73578763,filled,ST.nc
2023-05-09,3.604106665,filled,ST.nc
2023-05-10,,filled,ST.nc
2023-05-11,,filled,ST.nc
2023-05-12,5.77649498,filled,ST.nc
2023-05-13,0.940374672,filled,ST.nc
2023-05-14,2.340528727,filled,ST.nc
2023-05-15,2.775107861,filled,ST.nc
2023-05-16,2.137826204,filled,ST.nc
2023-05-17,6.097727299,filled,ST.nc
2023-05-18,9.334145546,filled,ST.nc
2023-05-19,3.736947298,filled,ST.nc
2023-05-20,3.927623272,filled,ST.nc
2023-05-21,,filled,ST.nc
2023-05-22,,filled,ST.nc
2023-05-23,0.730153382,filled,ST.nc
2023-05-24,,filled,ST.nc
2023-05-25,3.22416544,filled,ST.nc
2023-05-26,2.728320122,filled,ST.nc
2023-05-27,3.459816933,filled,ST.nc
2023-05-28,4.460655689,filled,ST.nc
2023-05-29,,filled,ST.nc
2023-05-30,,filled,ST.nc
2023-05-31,,filled,ST.nc
2023-06-01,,filled,ST.nc
2023-06-02,,filled,ST.nc
2023-06-03,3.250739098,filled,ST.nc
2023-06-04,2.919404984,filled,ST.nc
2023-06-05,,filled,ST.nc
2023-06-06,,filled,ST.nc
2023-06-07,,filled,ST.nc
2023-06-08,,filled,ST.nc
2023-06-09,0.451428115,filled,ST.nc
2023-06-10,2.421349525,filled,ST.nc
2023-06-11,,filled,ST.nc
2023-06-12,,filled,ST.nc
2023-06-13,,filled,ST.nc
2023-06-14,3.286142826,filled,ST.nc
2023-06-15,,filled,ST.nc
2023-06-16,,filled,ST.nc
2023-06-17,,filled,ST.nc
2023-06-18,,filled,ST.nc
2023-06-19,3.930886507,filled,ST.nc
2023-06-20,,filled,ST.nc
2023-06-21,,filled,ST.nc
2023-06-22,,filled,ST.nc
2023-06-23,0.593949199,filled,ST.nc
2023-06-24,,filled,ST.nc
2023-06-25,,filled,ST.nc
2023-06-26,1.279714346,filled,ST.nc
2023-06-27,1.515154481,filled,ST.nc
2023-06-28,2.946360826,filled,ST.nc
2023-06-29,,filled,ST.nc
2023-06-30,2.873543501,filled,ST.nc
2023-07-01,5.963590145,filled,ST.nc
2023-07-02,1.695420742,filled,ST.nc
2023-07-03,0.559310138,filled,ST.nc
2023-07-04,5.093317032,filled,ST.nc
2023-07-05,3.010953188,filled,ST.nc
2023-07-06,,filled,ST.nc
2023-07-07,,filled,ST.nc
2023-07-08,,filled,ST.nc
2023-07-09,,filled,ST.nc
2023-07-10,,filled,ST.nc
2023-07-11,1.005312681,filled,ST.nc
2023-07-12,2.649448395,filled,ST.nc
2023-07-13,,filled,ST.nc
2023-07-14,,filled,ST.nc
2023-07-15,1.382644057,filled,ST.nc
2023-07-16,2.756125212,filled,ST.nc
2023-07-17,,filled,ST.nc
2023-07-18,,filled,ST.nc
2023-07-19,,filled,ST.nc
2023-07-20,,filled,ST.nc
2023-07-21,2.450552225,filled,ST.nc
2023-07-22,6.48798418,filled,ST.nc
2023-07-23,4.220084667,filled,ST.nc
2023-07-24,6.719852924,filled,ST.nc
2023-07-25,,filled,ST.nc
2023-07-26,,filled,ST.nc
2023-07-27,1.217318058,filled,ST.nc
2023-07-28,1.395024538,filled,ST.nc
2023-07-29,,filled,ST.nc
2023-07-30,,filled,ST.nc
2023-07-31,6.147718906,filled,ST.nc
2023-08-01,4.839584351,filled,ST.nc
2023-08-02,,filled,ST.nc
2023-08-03,3.934640646,filled,ST.nc
2023-08-04,3.841219664,filled,ST.nc
2023-08-05,2.225015402,filled,ST.nc
2023-08-06,4.267315388,filled,ST.nc
2023-08-07,,filled,ST.nc
2023-08-08,,filled,ST.nc
2023-08-09,,filled,ST.nc
2023-08-10,,filled,ST.nc
2023-08-11,0.979990661,filled,ST.nc
2023-08-12,3.133555174,filled,ST.nc
2023-08-13,0.954500973,filled,ST.nc
2023-08-14,1.535215139,filled,ST.nc
2023-08-15,,filled,ST.nc
2023-08-16,1.587434411,filled,ST.nc
2023-08-17,,filled,ST.nc
2023-08-18,2.259631157,filled,ST.nc
2023-08-19,0.981045306,filled,ST.nc
2023-08-20,0.957260668,filled,ST.nc
2023-08-21,,filled,ST.nc
2023-08-22,,filled,ST.nc
2023-08-23,,filled,ST.nc
2023-08-24,1.003290176,filled,ST.nc
2023-08-25,1.117004991,filled,ST.nc
2023-08-26,2.458366871,filled,ST.nc
2023-08-27,,filled,ST.nc
2023-08-28,6.207929611,filled,ST.nc
2023-08-29,1.425247669,filled,ST.nc
2023-08-30,1.077289939,filled,ST.nc
2023-08-31,1.684987426,filled,ST.nc
2023-09-01,,filled,ST.nc
2023-09-02,0.820624232,filled,ST.nc
2023-09-03,,filled,ST.nc
2023-09-04,,filled,ST.nc
2023-09-05,,filled,ST.nc
2023-09-06,,filled,ST.nc
2023-09-07,1.212281704,filled,ST.nc
2023-09-08,1.597267628,filled,ST.nc
2023-09-09,,filled,ST.nc
2023-09-10,4.566905022,filled,ST.nc
2023-09-11,1.66095674,filled,ST.nc
2023-09-12,1.213969231,filled,ST.nc
2023-09-13,,filled,ST.nc
2023-09-14,,filled,ST.nc
2023-09-15,,filled,ST.nc
2023-09-16,0.859650791,filled,ST.nc
2023-09-17,2.768625498,filled,ST.nc
2023-09-18,,filled,ST.nc
2023-09-19,,filled,ST.nc
2023-09-20,,filled,ST.nc
2023-09-21,,filled,ST.nc
2023-09-22,2.033149242,filled,ST.nc
2023-09-23,,filled,ST.nc
2023-09-24,1.353800058,filled,ST.nc
2023-09-25,1.721615911,filled,ST.nc
2023-09-26,1.262162924,filled,ST.nc
2023-09-27,2.126097441,filled,ST.nc
2023-09-28,2.808801651,filled,ST.nc
2023-09-29,,filled,ST.nc
2023-09-30,1.698802114,filled,ST.nc
2023-10-01,1.409084797,filled,ST.nc
2023-10-02,2.752048969,filled,ST.nc
2023-10-03,,filled,ST.nc
2023-10-04,1.297383666,filled,ST.nc
2023-10-05,1.583330989,filled,ST.nc
2023-10-06,1.370398521,filled,ST.nc
2023-10-07,1.624862909,filled,ST.nc
2023-10-08,,filled,ST.nc
2023-10-09,3.748674154,filled,ST.nc
2023-10-10,1.552046061,filled,ST.nc
2023-10-11,,filled,ST.nc
2023-10-12,2.862975121,filled,ST.nc
2023-10-13,3.751297474,filled,ST.nc
2023-10-14,3.351065636,filled,ST.nc
2023-10-15,,filled,ST.nc
2023-10-16,4.466516495,filled,ST.nc
2023-10-17,14.59271717,filled,ST.nc
2023-10-18,,filled,ST.nc
2023-10-19,,filled,ST.nc
2023-10-20,2.889938593,filled,ST.nc
2023-10-21,,filled,ST.nc
2023-10-22,,filled,ST.nc
2023-10-23,,filled,ST.nc
2023-10-24,,filled,ST.nc
2023-10-25,2.32182312,filled,ST.nc
2023-10-26,,filled,ST.nc
2023-10-27,1.720757961,filled,ST.nc
2023-10-28,1.753467202,filled,ST.nc
2023-10-29,,filled,ST.nc
2023-10-30,2.646679878,filled,ST.nc
2023-10-31,,filled,ST.nc
2023-11-01,3.399130821,filled,ST.nc
2023-11-02,1.911744475,filled,ST.nc
2023-11-03,,filled,ST.nc
2023-11-04,3.641643047,filled,ST.nc
2023-11-05,3.39738059,filled,ST.nc
2023-11-06,,filled,ST.nc
2023-11-07,3.658472776,filled,ST.nc
2023-11-08,1.909936905,filled,ST.nc
2023-11-09,1.293567896,filled,ST.nc
2023-11-10,,filled,ST.nc
2023-11-11,,filled,ST.nc
2023-11-12,2.156999588,filled,ST.nc
2023-11-13,,filled,ST.nc
2023-11-14,2.9360919,filled,ST.nc
2023-11-15,,filled,ST.nc
2023-11-16,1.876955628,filled,ST.nc
2023-11-17,2.537594318,filled,ST.nc
2023-11-18,1.930455565,filled,ST.nc
2023-11-19,,filled,ST.nc
2023-11-20,2.055063009,filled,ST.nc
2023-11-21,2.673500299,filled,ST.nc
2023-11-22,3.532185555,filled,ST.nc
2023-11-23,30.71010017,filled,ST.nc
2023-11-24,7.226337433,filled,ST.nc
2023-11-25,14.50620842,filled,ST.nc
2023-11-26,17.40971184,filled,ST.nc
2023-11-27,5.288355827,filled,ST.nc
2023-11-28,,filled,ST.nc
2023-11-29,,filled,ST.nc
2023-11-30,3.964360237,filled,ST.nc
2023-12-01,5.350103378,filled,ST.nc
2023-12-02,2.571070194,filled,ST.nc
2023-12-03,,filled,ST.nc
2023-12-04,3.561545849,filled,ST.nc
2023-12-05,,filled,ST.nc
2023-12-06,2.345037699,filled,ST.nc
2023-12-07,,filled,ST.nc
2023-12-08,,filled,ST.nc
2023-12-09,3.790167093,filled,ST.nc
2023-12-10,3.55120945,filled,ST.nc
2023-12-11,2.855224848,filled,ST.nc
2023-12-12,,filled,ST.nc
2023-12-13,2.684294939,filled,ST.nc
2023-12-14,2.118942738,filled,ST.nc
2023-12-15,1.708197236,filled,ST.nc
2023-12-16,2.114026785,filled,ST.nc
2023-12-17,1.90585947,filled,ST.nc
2023-12-18,1.717131495,filled,ST.nc
2023-12-19,2.664391279,filled,ST.nc
2023-12-20,2.460855246,filled,ST.nc
2023-12-21,,filled,ST.nc
2023-12-22,3.094531298,filled,ST.nc
2023-12-23,3.347745657,filled,ST.nc
2023-12-24,3.454767227,filled,ST.nc
2023-12-25,2.487968206,filled,ST.nc
2023-12-26,,filled,ST.nc
2023-12-27,2.275433064,filled,ST.nc
2023-12-28,1.913645625,filled,ST.nc
2023-12-29,0.320210934,filled,ST.nc
2023-12-30,2.40818119,filled,ST.nc
2023-12-31,2.202397346,filled,ST.nc
2024-01-01,4.10085535,filled,ST.nc
2024-01-02,,filled,ST.nc
2024-01-03,1.686798573,filled,ST.nc
2024-01-04,,filled,ST.nc
2024-01-05,1.6874547,filled,ST.nc
2024-01-06,2.129312992,filled,ST.nc
2024-01-07,,filled,ST.nc
2024-01-08,1.843398809,filled,ST.nc
2024-01-09,1.807010651,filled,ST.nc
2024-01-10,3.0795784,filled,ST.nc
2024-01-11,0.32047075,filled,ST.nc
2024-01-12,3.293357611,filled,ST.nc
2024-01-13,3.158742428,filled,ST.nc
2024-01-14,10.63148022,filled,ST.nc
2024-01-15,3.701309681,filled,ST.nc
2024-01-16,3.374209404,filled,ST.nc
2024-01-17,2.703954935,filled,ST.nc
2024-01-18,1.5458709,filled,ST.nc
2024-01-19,,filled,ST.nc
2024-01-20,13.13984776,filled,ST.nc
2024-01-21,7.744783401,filled,ST.nc
2024-01-22,3.375170946,filled,ST.nc
2024-01-23,3.662378311,filled,ST.nc
2024-01-24,10.15802765,filled,ST.nc
2024-01-25,3.586500406,filled,ST.nc
2024-01-26,4.665888309,filled,ST.nc
2024-01-27,4.22308445,filled,ST.nc
2024-01-28,,filled,ST.nc
2024-01-29,3.417830706,filled,ST.nc
2024-01-30,2.820800066,filled,ST.nc
2024-01-31,,filled,ST.nc
2024-02-01,3.137087584,filled,ST.nc
2024-02-02,3.741391182,filled,ST.nc
2024-02-03,1.918796301,filled,ST.nc
2024-02-04,2.761803389,filled,ST.nc
2024-02-05,1.89164567,filled,ST.nc
2024-02-06,3.153573513,filled,ST.nc
2024-02-07,2.061110735,filled,ST.nc
2024-02-08,2.60084939,filled,ST.nc
2024-02-09,2.404335499,filled,ST.nc
2024-02-10,1.829576254,filled,ST.nc
2024-02-11,2.761113644,filled,ST.nc
2024-02-12,3.076227427,filled,ST.nc
2024-02-13,1.953783035,filled,ST.nc
2024-02-14,2.327628136,filled,ST.nc
2024-02-15,,filled,ST.nc
2024-02-16,,filled,ST.nc
2024-02-17,,filled,ST.nc
2024-02-18,,filled,ST.nc
2024-02-19,,filled,ST.nc
2024-02-20,1.971531749,filled,ST.nc
2024-02-21,,filled,ST.nc
2024-02-22,3.839621544,filled,ST.nc
2024-02-23,,filled,ST.nc
2024-02-24,,filled,ST.nc
2024-02-25,0.660735786,filled,ST.nc
2024-02-26,1.990461826,filled,ST.nc
2024-02-27,,filled,ST.nc
2024-02-28,,filled,ST.nc
2024-02-29,3.150290251,filled,ST.nc
2024-03-01,4.285810471,filled,ST.nc
2024-03-02,,filled,ST.nc
2024-03-03,5.078892231,filled,ST.nc
2024-03-04,,filled,ST.nc
2024-03-05,4.164572716,filled,ST.nc
2024-03-06,3.783488274,filled,ST.nc
2024-03-07,4.084648132,filled,ST.nc
2024-03-08,,filled,ST.nc
2024-03-09,4.787876606,filled,ST.nc
2024-03-10,2.807116508,filled,ST.nc
2024-03-11,3.317056417,filled,ST.nc
2024-03-12,,filled,ST.nc
2024-03-13,3.414783001,filled,ST.nc
2024-03-14,4.373440742,filled,ST.nc
2024-03-15,3.110040188,filled,ST.nc
2024-03-16,4.120157242,filled,ST.nc
2024-03-17,,filled,ST.nc
2024-03-18,3.363360405,filled,ST.nc
2024-03-19,3.555591583,filled,ST.nc
2024-03-20,3.440364838,filled,ST.nc
2024-03-21,6.821867943,filled,ST.nc
2024-03-22,5.233794689,filled,ST.nc
2024-03-23,3.562115908,filled,ST.nc
2024-03-24,2.200123787,filled,ST.nc
2024-03-25,,filled,ST.nc
2024-03-26,2.257787228,filled,ST.nc
2024-03-27,1.818327904,filled,ST.nc
2024-03-28,2.081877947,filled,ST.nc
2024-03-29,2.636336088,filled,ST.nc
2024-03-30,2.176836252,filled,ST.nc
2024-03-31,5.239271164,filled,ST.nc
2024-04-01,3.118638277,filled,ST.nc
2024-04-02,2.867898226,filled,ST.nc
2024-04-03,2.395464897,filled,ST.nc
2024-04-04,,filled,ST.nc
2024-04-05,,filled,ST.nc
2024-04-06,,filled,ST.nc
2024-04-07,6.948951721,filled,ST.nc
2024-04-08,13.47287273,filled,ST.nc
2024-04-09,7.038320065,filled,ST.nc
2024-04-10,6.431981087,filled,ST.nc
2024-04-11,8.295034409,filled,ST.nc
2024-04-12,9.299812317,filled,ST.nc
2024-04-13,3.246323824,filled,ST.nc
2024-04-14,2.711610317,filled,ST.nc
2024-04-15,1.550388694,filled,ST.nc
2024-04-16,1.911445856,filled,ST.nc
2024-04-17,3.209325552,filled,ST.nc
2024-04-18,2.041386843,filled,ST.nc
2024-04-19,3.335002661,filled,ST.nc
2024-04-20,6.803220272,filled,ST.nc
2024-04-21,,filled,ST.nc
2024-04-22,,filled,ST.nc
2024-04-23,3.093050957,filled,ST.nc
2024-04-24,,filled,ST.nc
2024-04-25,,filled,ST.nc
2024-04-26,2.594364166,filled,ST.nc
2024-04-27,2.301939487,filled,ST.nc
2024-04-28,,filled,ST.nc
2024-04-29,2.192225456,filled,ST.nc
2024-04-30,,filled,ST.nc
2024-05-01,5.264944077,filled,ST.nc
2024-05-02,,filled,ST.nc
2024-05-03,,filled,ST.nc
2024-05-04,,filled,ST.nc
2024-05-05,2.930995703,filled,ST.nc
2024-05-06,2.241425037,filled,ST.nc
2024-05-07,2.422453165,filled,ST.nc
2024-05-08,3.78512311,filled,ST.nc
2024-05-09,,filled,ST.nc
2024-05-10,,filled,ST.nc
2024-05-11,,filled,ST.nc
2024-05-12,,filled,ST.nc
2024-05-13,4.501436234,filled,ST.nc
2024-05-14,,filled,ST.nc
2024-05-15,4.845477581,filled,ST.nc
2024-05-16,4.373437405,filled,ST.nc
2024-05-17,3.781569958,filled,ST.nc
2024-05-18,,filled,ST.nc
2024-05-19,,filled,ST.nc
2024-05-20,,filled,ST.nc
2024-05-21,,filled,ST.nc
2024-05-22,,filled,ST.nc
2024-05-23,5.537257195,filled,ST.nc
2024-05-24,3.672237635,filled,ST.nc
2024-05-25,2.938950062,filled,ST.nc
2024-05-26,2.944721937,filled,ST.nc
2024-05-27,,filled,ST.nc
2024-05-28,,filled,ST.nc
2024-05-29,1.298228264,filled,ST.nc
2024-05-30,,filled,ST.nc
2024-05-31,,filled,ST.nc
2024-06-01,2.563220501,filled,ST.nc
2024-06-02,,filled,ST.nc
2024-06-03,2.930558681,filled,ST.nc
2024-06-04,,filled,ST.nc
2024-06-05,,filled,ST.nc
2024-06-06,2.938057661,filled,ST.nc
2024-06-07,,filled,ST.nc
2024-06-08,,filled,ST.nc
2024-06-09,,filled,ST.nc
2024-06-10,,filled,ST.nc
2024-06-11,,filled,ST.nc
2024-06-12,,filled,ST.nc
2024-06-13,2.305167437,filled,ST.nc
2024-06-14,,filled,ST.nc
2024-06-15,4.862388134,filled,ST.nc
2024-06-16,2.05117774,filled,ST.nc
2024-06-17,,filled,ST.nc
2024-06-18,5.631997585,filled,ST.nc
2024-06-19,3.720851898,filled,ST.nc
2024-06-20,3.67355895,filled,ST.nc
2024-06-21,6.72710228,filled,ST.nc
2024-06-22,,filled,ST.nc
2024-06-23,,filled,ST.nc
2024-06-24,3.831245899,filled,ST.nc
2024-06-25,8.334854126,filled,ST.nc
2024-06-26,1.559324384,filled,ST.nc
2024-06-27,,filled,ST.nc
2024-06-28,6.330549717,filled,ST.nc
2024-06-29,,filled,ST.nc
2024-06-30,4.642523766,filled,ST.nc
2024-07-01,5.446451664,filled,ST.nc
2024-07-02,,filled,ST.nc
2024-07-03,3.799496889,filled,ST.nc
2024-07-04,2.286045313,filled,ST.nc
2024-07-05,1.958254457,filled,ST.nc
2024-07-06,,filled,ST.nc
2024-07-07,,filled,ST.nc
2024-07-08,3.528326988,filled,ST.nc
2024-07-09,1.20520997,filled,ST.nc
2024-07-10,,filled,ST.nc
2024-07-11,,filled,ST.nc
2024-07-12,,filled,ST.nc
2024-07-13,2.613862991,filled,ST.nc
2024-07-14,,filled,ST.nc
2024-07-15,2.069141388,filled,ST.nc
2024-07-16,1.971471786,filled,ST.nc
2024-07-17,,filled,ST.nc
2024-07-18,,filled,ST.nc
2024-07-19,1.576199055,filled,ST.nc
2024-07-20,,filled,ST.nc
2024-07-21,,filled,ST.nc
2024-07-22,2.214534283,filled,ST.nc
2024-07-23,,filled,ST.nc
2024-07-24,1.562903523,filled,ST.nc
2024-07-25,1.498057365,filled,ST.nc
2024-07-26,2.567755222,filled,ST.nc
2024-07-27,2.946457386,filled,ST.nc
2024-07-28,,filled,ST.nc
2024-07-29,,filled,ST.nc
2024-07-30,,filled,ST.nc
2024-07-31,2.477470398,filled,ST.nc
2024-08-01,0.867026389,filled,ST.nc
2024-08-02,1.729803324,filled,ST.nc
2024-08-03,,filled,ST.nc
2024-08-04,2.21242857,filled,ST.nc
2024-08-05,5.496827126,filled,ST.nc
2024-08-06,,filled,ST.nc
2024-08-07,,filled,ST.nc
2024-08-08,,filled,ST.nc
2024-08-09,,filled,ST.nc
2024-08-10,3.045731306,filled,ST.nc
2024-08-11,3.151476145,filled,ST.nc
2024-08-12,,filled,ST.nc
2024-08-13,,filled,ST.nc
2024-08-14,,filled,ST.nc
2024-08-15,1.504008412,filled,ST.nc
2024-08-16,,filled,ST.nc
2024-08-17,,filled,ST.nc
2024-08-18,,filled,ST.nc
2024-08-19,,filled,ST.nc
2024-08-20,,filled,ST.nc
2024-08-21,2.508145332,filled,ST.nc
2024-08-22,,filled,ST.nc
2024-08-23,,filled,ST.nc
2024-08-24,1.332708716,filled,ST.nc
2024-08-25,,filled,ST.nc
2024-08-26,,filled,ST.nc
2024-08-27,,filled,ST.nc
2024-08-28,3.480768204,filled,ST.nc
2024-08-29,,filled,ST.nc
2024-08-30,,filled,ST.nc
2024-08-31,,filled,ST.nc
2024-09-01,,filled,ST.nc
2024-09-02,1.074874997,filled,ST.nc
2024-09-03,,filled,ST.nc
2024-09-04,,filled,ST.nc
2024-09-05,1.120832562,filled,ST.nc
2024-09-06,,filled,ST.nc
2024-09-07,,filled,ST.nc
2024-09-08,2.078271627,filled,ST.nc
2024-09-09,,filled,ST.nc
2024-09-10,1.81806159,filled,ST.nc
2024-09-11,1.027539492,filled,ST.nc
2024-09-12,1.009736776,filled,ST.nc
2024-09-13,1.03465867,filled,ST.nc
2024-09-14,1.44532454,filled,ST.nc
2024-09-15,1.223175168,filled,ST.nc
2024-09-16,1.682435155,filled,ST.nc
2024-09-17,1.671755314,filled,ST.nc
2024-09-18,1.770528078,filled,ST.nc
2024-09-19,1.734729052,filled,ST.nc
2024-09-20,2.680741072,filled,ST.nc
2024-09-21,1.597073197,filled,ST.nc
2024-09-22,1.53210628,filled,ST.nc
2024-09-23,2.032290697,filled,ST.nc
2024-09-24,3.28334713,filled,ST.nc
2024-09-25,3.236855745,filled,ST.nc
2024-09-26,,filled,ST.nc
2024-09-27,,filled,ST.nc
2024-09-28,1.884377837,filled,ST.nc
2024-09-29,,filled,ST.nc
2024-09-30,,filled,ST.nc
2024-10-01,2.179293871,filled,ST.nc
2024-10-02,,filled,ST.nc
2024-10-03,,filled,ST.nc
2024-10-04,,filled,ST.nc
2024-10-05,2.002874851,filled,ST.nc
2024-10-06,2.228180408,filled,ST.nc
2024-10-07,3.365355253,filled,ST.nc
2024-10-08,1.457654595,filled,ST.nc
2024-10-09,1.842532635,filled,ST.nc
2024-10-10,2.163054705,filled,ST.nc
2024-10-11,2.064526081,filled,ST.nc
2024-10-12,2.207909822,filled,ST.nc
2024-10-13,2.090969086,filled,ST.nc
2024-10-14,,filled,ST.nc
2024-10-15,2.115152359,filled,ST.nc
2024-10-16,,filled,ST.nc
2024-10-17,,filled,ST.nc
2024-10-18,1.690701008,filled,ST.nc
2024-10-19,,filled,ST.nc
2024-10-20,,filled,ST.nc
2024-10-21,2.306566,filled,ST.nc
2024-10-22,1.512848377,filled,ST.nc
2024-10-23,2.304684877,filled,ST.nc
2024-10-24,1.506332755,filled,ST.nc
2024-10-25,1.836899877,filled,ST.nc
2024-10-26,2.126657248,filled,ST.nc
2024-10-27,,filled,ST.nc
2024-10-28,1.785416245,filled,ST.nc
2024-10-29,2.141188383,filled,ST.nc
2024-10-30,1.651924014,filled,ST.nc
2024-10-31,2.111535788,filled,ST.nc
2024-11-01,,filled,ST.nc
2024-11-02,,filled,ST.nc
2024-11-03,1.903927326,filled,ST.nc
2024-11-04,1.732217193,filled,ST.nc
2024-11-05,,filled,ST.nc
2024-11-06,1.108567357,filled,ST.nc
2024-11-07,1.216027141,filled,ST.nc
2024-11-08,,filled,ST.nc
2024-11-09,,filled,ST.nc
2024-11-10,1.595033169,filled,ST.nc
2024-11-11,1.761951089,filled,ST.nc
2024-11-12,,filled,ST.nc
2024-11-13,2.313294411,filled,ST.nc
2024-11-14,1.718651414,filled,ST.nc
2024-11-15,,filled,ST.nc
2024-11-16,1.721795201,filled,ST.nc
2024-11-17,1.957862616,filled,ST.nc
2024-11-18,2.892942667,filled,ST.nc
2024-11-19,,filled,ST.nc
2024-11-20,,filled,ST.nc
2024-11-21,0.323770493,filled,ST.nc
2024-11-22,1.660126925,filled,ST.nc
2024-11-23,,filled,ST.nc
2024-11-24,1.665111303,filled,ST.nc
2024-11-25,1.474634767,filled,ST.nc
2024-11-26,1.649383664,filled,ST.nc
2024-11-27,,filled,ST.nc
2024-11-28,1.774986148,filled,ST.nc
2024-11-29,,filled,ST.nc
2024-11-30,2.892003059,filled,ST.nc
2024-12-01,,filled,ST.nc
2024-12-02,,filled,ST.nc
2024-12-03,,filled,ST.nc
2024-12-04,2.838714361,filled,ST.nc
2024-12-05,2.18691206,filled,ST.nc
2024-12-06,1.608284116,filled,ST.nc
2024-12-07,1.945807576,filled,ST.nc
2024-12-08,3.658620119,filled,ST.nc
2024-12-09,2.094730854,filled,ST.nc
2024-12-10,2.09210825,filled,ST.nc
2024-12-11,1.542610526,filled,ST.nc
2024-12-12,2.885390282,filled,ST.nc
2024-12-13,,filled,ST.nc
2024-12-14,2.344724178,filled,ST.nc
2024-12-15,,filled,ST.nc
2024-12-16,,filled,ST.nc
2024-12-17,2.654921293,filled,ST.nc
2024-12-18,2.314225197,filled,ST.nc
2024-12-19,2.483570099,filled,ST.nc
2024-12-20,,filled,ST.nc
2024-12-21,2.101754665,filled,ST.nc
2024-12-22,2.240053415,filled,ST.nc
2024-12-23,1.579521894,filled,ST.nc
2024-12-24,,filled,ST.nc
2024-12-25,2.19914031,filled,ST.nc
2024-12-26,2.400941133,filled,ST.nc
2024-12-27,1.781676412,filled,ST.nc
2024-12-28,,filled,ST.nc
2024-12-29,,filled,ST.nc
2024-12-30,1.899268627,filled,ST.nc
2024-12-31,2.050793886,filled,ST.nc
2025-01-01,2.274853706,filled,ST.nc
2025-01-02,2.178521395,filled,ST.nc
2025-01-03,1.835533381,filled,ST.nc
2025-01-04,0.669963181,filled,ST.nc
2025-01-05,1.830125809,filled,ST.nc
2025-01-06,1.741089582,filled,ST.nc
2025-01-07,1.521883845,filled,ST.nc
2025-01-08,1.353700995,filled,ST.nc
2025-01-09,1.368098497,filled,ST.nc
2025-01-10,0.166001827,filled,ST.nc
2025-01-11,1.794361353,filled,ST.nc
2025-01-12,2.045987129,filled,ST.nc
2025-01-13,2.032089233,filled,ST.nc
2025-01-14,2.196392298,filled,ST.nc
2025-01-15,1.97343576,filled,ST.nc
2025-01-16,,filled,ST.nc
2025-01-17,,filled,ST.nc
2025-01-18,2.65608263,filled,ST.nc
2025-01-19,2.251173973,filled,ST.nc
2025-01-20,,filled,ST.nc
2025-01-21,,filled,ST.nc
2025-01-22,,filled,ST.nc
2025-01-23,,filled,ST.nc
2025-01-24,,filled,ST.nc
2025-01-25,,filled,ST.nc
2025-01-26,,filled,ST.nc
2025-01-27,3.019086599,filled,ST.nc
2025-01-28,4.782463074,filled,ST.nc
2025-01-29,3.281826973,filled,ST.nc
2025-01-30,2.298390388,filled,ST.nc
2025-01-31,3.531447649,filled,ST.nc
2025-02-01,2.874164581,filled,ST.nc
2025-02-02,1.662645221,filled,ST.nc
2025-02-03,1.919111729,filled,ST.nc
2025-02-04,1.743484974,filled,ST.nc
2025-02-05,2.314741611,filled,ST.nc
2025-02-06,3.583447695,filled,ST.nc
2025-02-07,3.025595665,filled,ST.nc
2025-02-08,2.998316765,filled,ST.nc
2025-02-09,2.053566456,filled,ST.nc
2025-02-10,,filled,ST.nc
2025-02-11,4.176030636,filled,ST.nc
2025-02-12,,filled,ST.nc
2025-02-13,,filled,ST.nc
2025-02-14,2.483449221,filled,ST.nc
2025-02-15,2.135136604,filled,ST.nc
2025-02-16,2.846636057,filled,ST.nc
2025-02-17,1.835062981,filled,ST.nc
2025-02-18,2.863093615,filled,ST.nc
2025-02-19,2.87258029,filled,ST.nc
2025-02-20,,filled,ST.nc
2025-02-21,1.162778139,filled,ST.nc
2025-02-22,1.91208756,filled,ST.nc
2025-02-23,1.791363835,filled,ST.nc
2025-02-24,1.188116431,filled,ST.nc
2025-02-25,1.499998331,filled,ST.nc
2025-02-26,,filled,ST.nc
2025-02-27,,filled,ST.nc
2025-02-28,1.468613386,filled,ST.nc
2025-03-01,1.852455616,filled,ST.nc
2025-03-02,1.281167507,filled,ST.nc
2025-03-03,1.634874463,filled,ST.nc
2025-03-04,1.544032931,filled,ST.nc
2025-03-05,1.935259938,filled,ST.nc
2025-03-06,1.944207311,filled,ST.nc
2025-03-07,,filled,ST.nc
2025-03-08,,filled,ST.nc
2025-03-09,1.854899526,filled,ST.nc
2025-03-10,1.854411483,filled,ST.nc
2025-03-11,,filled,ST.nc
2025-03-12,,filled,ST.nc
2025-03-13,2.180015564,filled,ST.nc
2025-03-14,,filled,ST.nc
2025-03-15,2.214258909,filled,ST.nc
2025-03-16,1.801284313,filled,ST.nc
2025-03-17,2.298871517,filled,ST.nc
2025-03-18,1.802879572,filled,ST.nc
2025-03-19,1.419576645,filled,ST.nc
2025-03-20,1.709699154,filled,ST.nc
2025-03-21,1.430348277,filled,ST.nc
2025-03-22,1.906044841,filled,ST.nc
2025-03-23,1.905367136,filled,ST.nc
2025-03-24,1.984301209,filled,ST.nc
2025-03-25,1.428886533,filled,ST.nc
2025-03-26,1.928372741,filled,ST.nc
2025-03-27,2.288189173,filled,ST.nc
2025-03-28,2.624095678,filled,ST.nc
2025-03-29,1.764967442,filled,ST.nc
2025-03-30,,filled,ST.nc
2025-03-31,1.668165445,filled,ST.nc
2025-04-01,1.580775619,filled,ST.nc
2025-04-02,2.834977388,filled,ST.nc
2025-04-03,,filled,ST.nc
2025-04-04,,filled,ST.nc
2025-04-05,2.811849833,filled,ST.nc
2025-04-06,3.440446854,filled,ST.nc
2025-04-07,,filled,ST.nc
2025-04-08,1.350195289,filled,ST.nc
2025-04-09,1.476062536,filled,ST.nc
2025-04-10,1.455099583,filled,ST.nc
2025-04-11,1.837242961,filled,ST.nc
2025-04-12,,filled,ST.nc
2025-04-13,1.996868372,filled,ST.nc
2025-04-14,1.620380878,filled,ST.nc
2025-04-15,1.692587256,filled,ST.nc
2025-04-16,,filled,ST.nc
2025-04-17,1.73614645,filled,ST.nc
2025-04-18,0.783159792,filled,ST.nc
2025-04-19,1.646660805,filled,ST.nc
2025-04-20,,filled,ST.nc
2025-04-21,4.320195675,filled,ST.nc
2025-04-22,0.768631458,filled,ST.nc
2025-04-23,,filled,ST.nc
2025-04-24,2.902465105,filled,ST.nc
2025-04-25,,filled,ST.nc
2025-04-26,,filled,ST.nc
2025-04-27,1.405125976,filled,ST.nc
2025-04-28,1.581649899,filled,ST.nc
2025-04-29,1.819977164,filled,ST.nc
2025-04-30,2.295943499,filled,ST.nc
2025-05-01,,filled,ST.nc
2025-05-02,,filled,ST.nc
2025-05-03,,filled,ST.nc
2025-05-04,,filled,ST.nc
2025-05-05,2.547306061,filled,ST.nc
2025-05-06,3.09168458,filled,ST.nc
2025-05-07,2.053419113,filled,ST.nc
2025-05-08,2.215468645,filled,ST.nc
2025-05-09,2.725926638,filled,ST.nc
2025-05-10,2.301682711,filled,ST.nc
2025-05-11,2.788872719,filled,ST.nc
2025-05-12,2.767121077,filled,ST.nc
2025-05-13,2.423232794,filled,ST.nc
2025-05-14,2.887228251,filled,ST.nc
2025-05-15,2.477911234,filled,ST.nc
2025-05-16,1.90683496,filled,ST.nc
2025-05-17,,filled,ST.nc
2025-05-18,2.209824324,filled,ST.nc
2025-05-19,2.867252111,filled,ST.nc
2025-05-20,3.226487637,filled,ST.nc
2025-05-21,3.957049131,filled,ST.nc
2025-05-22,2.325841904,filled,ST.nc
2025-05-23,,filled,ST.nc
2025-05-24,2.200961351,filled,ST.nc
2025-05-25,,filled,ST.nc
2025-05-26,1.663249254,filled,ST.nc
2025-05-27,1.520002007,filled,ST.nc
2025-05-28,,filled,ST.nc
2025-05-29,,filled,ST.nc
2025-05-30,,filled,ST.nc
2025-05-31,,filled,ST.nc
2025-06-01,,filled,ST.nc
2025-06-02,1.476421475,filled,ST.nc
2025-06-03,1.615463376,filled,ST.nc
2025-06-04,,filled,ST.nc
2025-06-05,,filled,ST.nc
2025-06-06,1.667891979,filled,ST.nc
2025-06-07,1.054036617,filled,ST.nc
2025-06-08,,filled,ST.nc
2025-06-09,,filled,ST.nc
2025-06-10,3.873432159,filled,ST.nc
2025-06-11,,filled,ST.nc
2025-06-12,,filled,ST.nc
2025-06-13,,filled,ST.nc
2025-06-14,,filled,ST.nc
2025-06-15,,filled,ST.nc
2025-06-16,,filled,ST.nc
2025-06-17,,filled,ST.nc
2025-06-18,,filled,ST.nc
2025-06-19,,filled,ST.nc
2025-06-20,,filled,ST.nc
2025-06-21,,filled,ST.nc
2025-06-22,1.991020799,filled,ST.nc
2025-06-23,,filled,ST.nc
2025-06-24,,filled,ST.nc
2025-06-25,2.767156839,filled,ST.nc
2025-06-26,4.101958752,filled,ST.nc
2025-06-27,,filled,ST.nc
2025-06-28,4.389761925,filled,ST.nc
2025-06-29,,filled,ST.nc
2025-06-30,,filled,ST.nc
2025-07-01,,filled,ST.nc
2025-07-02,,filled,ST.nc
2025-07-03,1.129699826,filled,ST.nc
2025-07-04,2.117115974,filled,ST.nc
2025-07-05,,filled,ST.nc
2025-07-06,,filled,ST.nc
2025-07-07,,filled,ST.nc
2025-07-08,0.39432776,filled,ST.nc
2025-07-09,2.661849976,filled,ST.nc
2025-07-10,2.366016865,filled,ST.nc
2025-07-11,2.521737099,filled,ST.nc
2025-07-12,,filled,ST.nc
2025-07-13,,filled,ST.nc
2025-07-14,,filled,ST.nc
2025-07-15,,filled,ST.nc
2025-07-16,4.323982239,filled,ST.nc
2025-07-17,,filled,ST.nc
2025-07-18,1.852010131,filled,ST.nc
2025-07-19,2.150646448,filled,ST.nc
2025-07-20,3.759783983,filled,ST.nc
2025-07-21,1.289080262,filled,ST.nc
2025-07-22,,filled,ST.nc
2025-07-23,,filled,ST.nc
2025-07-24,,filled,ST.nc
2025-07-25,1.79522264,filled,ST.nc
2025-07-26,2.912278175,filled,ST.nc
2025-07-27,,filled,ST.nc
2025-07-28,,filled,ST.nc
2025-07-29,1.2349087,filled,ST.nc
2025-07-30,1.164268017,filled,ST.nc
2025-07-31,2.110389709,filled,ST.nc
2025-08-01,6.145429611,filled,ST.nc
2025-08-02,,filled,ST.nc
2025-08-03,,filled,ST.nc
2025-08-04,,filled,ST.nc
2025-08-05,1.796849966,filled,ST.nc
2025-08-06,,filled,ST.nc
2025-08-07,2.524830818,filled,ST.nc
2025-08-08,,filled,ST.nc
2025-08-09,,filled,ST.nc
2025-08-10,,filled,ST.nc
2025-08-11,,filled,ST.nc
2025-08-12,,filled,ST.nc
2025-08-13,2.277608633,filled,ST.nc
2025-08-14,2.441870451,filled,ST.nc
2025-08-15,,filled,ST.nc
2025-08-16,1.728566766,filled,ST.nc
2025-08-17,,filled,ST.nc
2025-08-18,,filled,ST.nc
2025-08-19,,filled,ST.nc
2025-08-20,,filled,ST.nc
2025-08-21,,filled,ST.nc
2025-08-22,,filled,ST.nc
2025-08-23,6.065264702,filled,ST.nc
2025-08-24,,filled,ST.nc
2025-08-25,,filled,ST.nc
2025-08-26,,filled,ST.nc
2025-08-27,,filled,ST.nc
2025-08-28,5.080048084,filled,ST.nc
2025-08-29,3.330662727,filled,ST.nc
2025-08-30,1.491035581,filled,ST.nc
2025-08-31,2.518859863,filled,ST.nc
2025-09-01,1.968914866,filled,ST.nc
2025-09-02,4.267607212,filled,ST.nc
2025-09-03,1.57665801,filled,ST.nc
2025-09-04,1.39123857,filled,ST.nc
2025-09-05,,filled,ST.nc
2025-09-06,,filled,ST.nc
2025-09-07,,filled,ST.nc
2025-09-08,,filled,ST.nc
2025-09-09,1.267189622,filled,ST.nc
2025-09-10,1.356324434,filled,ST.nc
2025-09-11,1.650943756,filled,ST.nc
2025-09-12,,filled,ST.nc
2025-09-13,2.576907635,filled,ST.nc
2025-09-14,,filled,ST.nc
2025-09-15,2.522934914,filled,ST.nc
2025-09-16,,filled,ST.nc
2025-09-17,,filled,ST.nc
2025-09-18,2.423339844,filled,ST.nc
2025-09-19,1.179916263,filled,ST.nc
2025-09-20,0.868164063,filled,ST.nc
2025-09-21,1.429288626,filled,ST.nc
2025-09-22,1.460224628,filled,ST.nc
2025-09-23,1.583029151,filled,ST.nc
2025-09-24,1.76383698,filled,ST.nc
2025-09-25,2.091567039,filled,ST.nc
2025-09-26,1.362459064,filled,ST.nc
2025-09-27,2.481838942,filled,ST.nc
2025-09-28,1.142788649,filled,ST.nc
2025-09-29,,filled,ST.nc
2025-09-30,1.340908766,filled,ST.nc
2025-10-01,4.825131416,filled,ST.nc
2025-10-02,1.920368195,filled,ST.nc
2025-10-03,,filled,ST.nc
2025-10-04,,filled,ST.nc
2025-10-05,,filled,ST.nc
2025-10-06,2.092662334,filled,ST.nc
2025-10-07,,filled,ST.nc
2025-10-08,,filled,ST.nc
2025-10-09,,filled,ST.nc
2025-10-10,,filled,ST.nc
2025-10-11,2.282830477,filled,ST.nc
2025-10-12,2.332794428,filled,ST.nc
2025-10-13,,filled,ST.nc
2025-10-14,2.417767525,filled,ST.nc
2025-10-15,0.846128166,filled,ST.nc
2025-10-16,1.691474557,filled,ST.nc
2025-10-17,2.266252756,filled,ST.nc
2025-10-18,1.656761646,filled,ST.nc
2025-10-19,,filled,ST.nc
2025-10-20,,filled,ST.nc
2025-10-21,2.335867643,filled,ST.nc
2025-10-22,1.846738577,filled,ST.nc
2025-10-23,1.917171836,filled,ST.nc
2025-10-24,0.195087805,filled,ST.nc
2025-10-25,1.814885855,filled,ST.nc
2025-10-26,,filled,ST.nc
2025-10-27,1.732683778,filled,ST.nc
2025-10-28,1.67675364,filled,ST.nc
2025-10-29,,filled,ST.nc
2025-10-30,1.981256127,filled,ST.nc
2025-10-31,,filled,ST.nc
2025-11-01,,filled,ST.nc
2025-11-02,2.604286194,filled,ST.nc
2025-11-03,1.634460926,noextraction,S3B_OLCI_EFRNT.20251103T013009.L2.OC.NRT.nc
2025-11-04,1.601541638,filled,S3A_OLCI_EFRNT.20251104T013939.L2.OC.NRT.nc
2025-11-05,5.45804739,filled,S3A_OLCI_EFRNT.20251105T011628.L2.OC.NRT.nc
2025-11-06,,noextraction,S3B_OLCI_EFRNT.20251106T014935.L2.OC.NRT.nc
2025-11-07,1.798074126,filled,S3B_OLCI_EFRNT.20251107T012624.L2.OC.NRT.nc
2025-11-08,1.640542626,filled,S3A_OLCI_EFRNT.20251108T013554.L2.OC.NRT.nc
